period_start,period_end,ticker,underlying_ret_in_prev_period,signal_triggered,trade
2020-10-05,2020-10-30,ABT,1.9,YES (prev 4W return > 0),BUY CALL
2020-10-05,2020-10-30,AVGO,1.8,YES (prev 4W return > 0),BUY CALL
2020-10-05,2020-10-30,BX,1.1,YES (prev 4W return > 0),BUY CALL
2020-10-05,2020-10-30,CMCSA,1.7,YES (prev 4W return > 0),BUY CALL
2020-10-05,2020-10-30,COST,2.0,YES (prev 4W return > 0),BUY CALL
2020-10-05,2020-10-30,KO,0.5,YES (prev 4W return > 0),BUY CALL
2020-10-05,2020-10-30,NKE,11.4,YES (prev 4W return > 0),BUY CALL
2020-10-05,2020-10-30,NOW,0.9,YES (prev 4W return > 0),BUY CALL
2020-10-05,2020-10-30,ORCL,3.3,YES (prev 4W return > 0),BUY CALL
2020-10-05,2020-10-30,PG,0.9,YES (prev 4W return > 0),BUY CALL
2020-10-05,2020-10-30,UNH,1.7,YES (prev 4W return > 0),BUY CALL
2020-10-05,2020-10-30,WFC,1.7,YES (prev 4W return > 0),BUY CALL
2020-11-02,2020-11-27,ABBV,0.4,YES (prev 4W return > 0),BUY CALL
2020-11-02,2020-11-27,COST,1.6,YES (prev 4W return > 0),BUY CALL
2020-11-02,2020-11-27,GOOG,9.4,YES (prev 4W return > 0),BUY CALL
2020-11-02,2020-11-27,GOOGL,9.5,YES (prev 4W return > 0),BUY CALL
2020-11-02,2020-11-27,JPM,1.2,YES (prev 4W return > 0),BUY CALL
2020-11-02,2020-11-27,QCOM,2.9,YES (prev 4W return > 0),BUY CALL
2020-11-02,2020-11-27,XOM,0.7,YES (prev 4W return > 0),BUY CALL
2020-12-28,2021-01-22,AAPL,25.6,YES (prev 4W return > 0),BUY CALL
2020-12-28,2021-01-22,ABBV,17.2,YES (prev 4W return > 0),BUY CALL
2020-12-28,2021-01-22,ABT,0.3,YES (prev 4W return > 0),BUY CALL
2020-12-28,2021-01-22,AMZN,9.3,YES (prev 4W return > 0),BUY CALL
2020-12-28,2021-01-22,AVGO,23.0,YES (prev 4W return > 0),BUY CALL
2020-12-28,2021-01-22,BAC,25.1,YES (prev 4W return > 0),BUY CALL
2020-12-28,2021-01-22,BX,26.0,YES (prev 4W return > 0),BUY CALL
2020-12-28,2021-01-22,CMCSA,23.5,YES (prev 4W return > 0),BUY CALL
2020-12-28,2021-01-22,COST,1.8,YES (prev 4W return > 0),BUY CALL
2020-12-28,2021-01-22,CVX,17.7,YES (prev 4W return > 0),BUY CALL
2020-12-28,2021-01-22,DIS,48.9,YES (prev 4W return > 0),BUY CALL
2020-12-28,2021-01-22,GOOG,9.2,YES (prev 4W return > 0),BUY CALL
2020-12-28,2021-01-22,GOOGL,9.2,YES (prev 4W return > 0),BUY CALL
2020-12-28,2021-01-22,IBM,10.5,YES (prev 4W return > 0),BUY CALL
2020-12-28,2021-01-22,INTU,20.4,YES (prev 4W return > 0),BUY CALL
2020-12-28,2021-01-22,JNJ,10.5,YES (prev 4W return > 0),BUY CALL
2020-12-28,2021-01-22,JPM,25.0,YES (prev 4W return > 0),BUY CALL
2020-12-28,2021-01-22,KO,11.4,YES (prev 4W return > 0),BUY CALL
2020-12-28,2021-01-22,LLY,26.5,YES (prev 4W return > 0),BUY CALL
2020-12-28,2021-01-22,MA,18.8,YES (prev 4W return > 0),BUY CALL
2020-12-28,2021-01-22,MRK,4.9,YES (prev 4W return > 0),BUY CALL
2020-12-28,2021-01-22,MSFT,11.2,YES (prev 4W return > 0),BUY CALL
2020-12-28,2021-01-22,NFLX,7.2,YES (prev 4W return > 0),BUY CALL
2020-12-28,2021-01-22,NOW,14.2,YES (prev 4W return > 0),BUY CALL
2020-12-28,2021-01-22,NVDA,2.5,YES (prev 4W return > 0),BUY CALL
2020-12-28,2021-01-22,PEP,8.7,YES (prev 4W return > 0),BUY CALL
2020-12-28,2021-01-22,PG,0.1,YES (prev 4W return > 0),BUY CALL
2020-12-28,2021-01-22,QCOM,19.2,YES (prev 4W return > 0),BUY CALL
2020-12-28,2021-01-22,TSLA,65.7,YES (prev 4W return > 0),BUY CALL
2020-12-28,2021-01-22,UNH,10.8,YES (prev 4W return > 0),BUY CALL
2020-12-28,2021-01-22,V,15.1,YES (prev 4W return > 0),BUY CALL
2020-12-28,2021-01-22,WFC,36.7,YES (prev 4W return > 0),BUY CALL
2020-12-28,2021-01-22,WMT,3.4,YES (prev 4W return > 0),BUY CALL
2020-12-28,2021-01-22,XOM,22.8,YES (prev 4W return > 0),BUY CALL
2021-01-25,2021-02-19,AAPL,4.6,YES (prev 4W return > 0),BUY CALL
2021-01-25,2021-02-19,ABBV,6.8,YES (prev 4W return > 0),BUY CALL
2021-01-25,2021-02-19,ABT,6.4,YES (prev 4W return > 0),BUY CALL
2021-01-25,2021-02-19,ADBE,6.4,YES (prev 4W return > 0),BUY CALL
2021-01-25,2021-02-19,AMZN,0.3,YES (prev 4W return > 0),BUY CALL
2021-01-25,2021-02-19,AVGO,7.6,YES (prev 4W return > 0),BUY CALL
2021-01-25,2021-02-19,BAC,3.4,YES (prev 4W return > 0),BUY CALL
2021-01-25,2021-02-19,BX,0.5,YES (prev 4W return > 0),BUY CALL
2021-01-25,2021-02-19,CRM,0.6,YES (prev 4W return > 0),BUY CALL
2021-01-25,2021-02-19,CVX,7.1,YES (prev 4W return > 0),BUY CALL
2021-01-25,2021-02-19,GOOG,6.9,YES (prev 4W return > 0),BUY CALL
2021-01-25,2021-02-19,HD,5.9,YES (prev 4W return > 0),BUY CALL
2021-01-25,2021-02-19,JNJ,8.3,YES (prev 4W return > 0),BUY CALL
2021-01-25,2021-02-19,JPM,5.4,YES (prev 4W return > 0),BUY CALL
2021-01-25,2021-02-19,LLY,27.5,YES (prev 4W return > 0),BUY CALL
2021-01-25,2021-02-19,MRK,0.9,YES (prev 4W return > 0),BUY CALL
2021-01-25,2021-02-19,MSFT,2.0,YES (prev 4W return > 0),BUY CALL
2021-01-25,2021-02-19,NFLX,7.3,YES (prev 4W return > 0),BUY CALL
2021-01-25,2021-02-19,NVDA,5.8,YES (prev 4W return > 0),BUY CALL
2021-01-25,2021-02-19,ORCL,7.9,YES (prev 4W return > 0),BUY CALL
2021-01-25,2021-02-19,QCOM,11.3,YES (prev 4W return > 0),BUY CALL
2021-01-25,2021-02-19,TSLA,32.7,YES (prev 4W return > 0),BUY CALL
2021-01-25,2021-02-19,UNH,0.5,YES (prev 4W return > 0),BUY CALL
2021-01-25,2021-02-19,WFC,7.7,YES (prev 4W return > 0),BUY CALL
2021-01-25,2021-02-19,WMT,0.7,YES (prev 4W return > 0),BUY CALL
2021-01-25,2021-02-19,XOM,12.4,YES (prev 4W return > 0),BUY CALL
2021-02-22,2021-03-19,ABT,6.8,YES (prev 4W return > 0),BUY CALL
2021-02-22,2021-03-19,AVGO,2.5,YES (prev 4W return > 0),BUY CALL
2021-02-22,2021-03-19,BAC,12.8,YES (prev 4W return > 0),BUY CALL
2021-02-22,2021-03-19,BX,7.0,YES (prev 4W return > 0),BUY CALL
2021-02-22,2021-03-19,CMCSA,7.2,YES (prev 4W return > 0),BUY CALL
2021-02-22,2021-03-19,CRM,6.7,YES (prev 4W return > 0),BUY CALL
2021-02-22,2021-03-19,CVX,8.2,YES (prev 4W return > 0),BUY CALL
2021-02-22,2021-03-19,IBM,1.9,YES (prev 4W return > 0),BUY CALL
2021-02-22,2021-03-19,INTU,7.2,YES (prev 4W return > 0),BUY CALL
2021-02-22,2021-03-19,JPM,13.1,YES (prev 4W return > 0),BUY CALL
2021-02-22,2021-03-19,KO,3.8,YES (prev 4W return > 0),BUY CALL
2021-02-22,2021-03-19,MA,3.5,YES (prev 4W return > 0),BUY CALL
2021-02-22,2021-03-19,MSFT,2.2,YES (prev 4W return > 0),BUY CALL
2021-02-22,2021-03-19,NKE,11.7,YES (prev 4W return > 0),BUY CALL
2021-02-22,2021-03-19,NOW,2.3,YES (prev 4W return > 0),BUY CALL
2021-02-22,2021-03-19,NVDA,5.1,YES (prev 4W return > 0),BUY CALL
2021-02-22,2021-03-19,ORCL,5.8,YES (prev 4W return > 0),BUY CALL
2021-02-22,2021-03-19,V,3.7,YES (prev 4W return > 0),BUY CALL
2021-02-22,2021-03-19,WFC,15.6,YES (prev 4W return > 0),BUY CALL
2021-02-22,2021-03-19,XOM,15.8,YES (prev 4W return > 0),BUY CALL
2021-03-22,2021-04-16,BAC,7.1,YES (prev 4W return > 0),BUY CALL
2021-03-22,2021-04-16,BX,5.8,YES (prev 4W return > 0),BUY CALL
2021-03-22,2021-04-16,CMCSA,7.4,YES (prev 4W return > 0),BUY CALL
2021-03-22,2021-04-16,CVX,4.2,YES (prev 4W return > 0),BUY CALL
2021-03-22,2021-04-16,DIS,12.2,YES (prev 4W return > 0),BUY CALL
2021-03-22,2021-04-16,GOOG,7.3,YES (prev 4W return > 0),BUY CALL
2021-03-22,2021-04-16,GOOGL,14.5,YES (prev 4W return > 0),BUY CALL
2021-03-22,2021-04-16,HD,4.7,YES (prev 4W return > 0),BUY CALL
2021-03-22,2021-04-16,IBM,8.0,YES (prev 4W return > 0),BUY CALL
2021-03-22,2021-04-16,JPM,1.0,YES (prev 4W return > 0),BUY CALL
2021-03-22,2021-04-16,KO,0.7,YES (prev 4W return > 0),BUY CALL
2021-03-22,2021-04-16,MA,5.2,YES (prev 4W return > 0),BUY CALL
2021-03-22,2021-04-16,MRK,3.4,YES (prev 4W return > 0),BUY CALL
2021-03-22,2021-04-16,MSFT,0.6,YES (prev 4W return > 0),BUY CALL
2021-03-22,2021-04-16,NKE,1.2,YES (prev 4W return > 0),BUY CALL
2021-03-22,2021-04-16,ORCL,2.9,YES (prev 4W return > 0),BUY CALL
2021-03-22,2021-04-16,PEP,4.4,YES (prev 4W return > 0),BUY CALL
2021-03-22,2021-04-16,PG,2.8,YES (prev 4W return > 0),BUY CALL
2021-03-22,2021-04-16,UNH,12.0,YES (prev 4W return > 0),BUY CALL
2021-03-22,2021-04-16,WFC,4.6,YES (prev 4W return > 0),BUY CALL
2021-03-22,2021-04-16,XOM,3.0,YES (prev 4W return > 0),BUY CALL
2021-04-19,2021-05-14,AAPL,9.3,YES (prev 4W return > 0),BUY CALL
2021-04-19,2021-05-14,ABBV,2.6,YES (prev 4W return > 0),BUY CALL
2021-04-19,2021-05-14,ABT,2.5,YES (prev 4W return > 0),BUY CALL
2021-04-19,2021-05-14,ADBE,14.1,YES (prev 4W return > 0),BUY CALL
2021-04-19,2021-05-14,AMZN,8.4,YES (prev 4W return > 0),BUY CALL
2021-04-19,2021-05-14,BAC,4.0,YES (prev 4W return > 0),BUY CALL
2021-04-19,2021-05-14,BX,7.8,YES (prev 4W return > 0),BUY CALL
2021-04-19,2021-05-14,COST,10.5,YES (prev 4W return > 0),BUY CALL
2021-04-19,2021-05-14,CRM,7.1,YES (prev 4W return > 0),BUY CALL
2021-04-19,2021-05-14,CVX,0.7,YES (prev 4W return > 0),BUY CALL
2021-04-19,2021-05-14,GOOG,12.9,YES (prev 4W return > 0),BUY CALL
2021-04-19,2021-05-14,HD,13.1,YES (prev 4W return > 0),BUY CALL
2021-04-19,2021-05-14,IBM,2.0,YES (prev 4W return > 0),BUY CALL
2021-04-19,2021-05-14,INTU,5.0,YES (prev 4W return > 0),BUY CALL
2021-04-19,2021-05-14,JNJ,1.4,YES (prev 4W return > 0),BUY CALL
2021-04-19,2021-05-14,JPM,1.1,YES (prev 4W return > 0),BUY CALL
2021-04-19,2021-05-14,KO,5.9,YES (prev 4W return > 0),BUY CALL
2021-04-19,2021-05-14,LLY,2.0,YES (prev 4W return > 0),BUY CALL
2021-04-19,2021-05-14,MA,6.6,YES (prev 4W return > 0),BUY CALL
2021-04-19,2021-05-14,MRK,0.2,YES (prev 4W return > 0),BUY CALL
2021-04-19,2021-05-14,MSFT,9.6,YES (prev 4W return > 0),BUY CALL
2021-04-19,2021-05-14,NFLX,6.0,YES (prev 4W return > 0),BUY CALL
2021-04-19,2021-05-14,NOW,15.3,YES (prev 4W return > 0),BUY CALL
2021-04-19,2021-05-14,NVDA,16.5,YES (prev 4W return > 0),BUY CALL
2021-04-19,2021-05-14,ORCL,18.7,YES (prev 4W return > 0),BUY CALL
2021-04-19,2021-05-14,PEP,5.0,YES (prev 4W return > 0),BUY CALL
2021-04-19,2021-05-14,PG,4.9,YES (prev 4W return > 0),BUY CALL
2021-04-19,2021-05-14,QCOM,0.9,YES (prev 4W return > 0),BUY CALL
2021-04-19,2021-05-14,TSLA,6.7,YES (prev 4W return > 0),BUY CALL
2021-04-19,2021-05-14,UNH,6.3,YES (prev 4W return > 0),BUY CALL
2021-04-19,2021-05-14,V,8.6,YES (prev 4W return > 0),BUY CALL
2021-04-19,2021-05-14,WFC,12.6,YES (prev 4W return > 0),BUY CALL
2021-04-19,2021-05-14,WMT,5.5,YES (prev 4W return > 0),BUY CALL
2021-04-19,2021-05-14,XOM,1.0,YES (prev 4W return > 0),BUY CALL
2021-05-17,2021-06-11,ABBV,7.6,YES (prev 4W return > 0),BUY CALL
2021-05-17,2021-06-11,BAC,9.1,YES (prev 4W return > 0),BUY CALL
2021-05-17,2021-06-11,BX,10.7,YES (prev 4W return > 0),BUY CALL
2021-05-17,2021-06-11,CMCSA,2.4,YES (prev 4W return > 0),BUY CALL
2021-05-17,2021-06-11,COST,3.9,YES (prev 4W return > 0),BUY CALL
2021-05-17,2021-06-11,CVX,7.3,YES (prev 4W return > 0),BUY CALL
2021-05-17,2021-06-11,GOOG,0.8,YES (prev 4W return > 0),BUY CALL
2021-05-17,2021-06-11,GOOGL,12.7,YES (prev 4W return > 0),BUY CALL
2021-05-17,2021-06-11,IBM,9.0,YES (prev 4W return > 0),BUY CALL
2021-05-17,2021-06-11,INTU,4.3,YES (prev 4W return > 0),BUY CALL
2021-05-17,2021-06-11,JNJ,4.7,YES (prev 4W return > 0),BUY CALL
2021-05-17,2021-06-11,JPM,7.9,YES (prev 4W return > 0),BUY CALL
2021-05-17,2021-06-11,KO,1.2,YES (prev 4W return > 0),BUY CALL
2021-05-17,2021-06-11,LLY,3.1,YES (prev 4W return > 0),BUY CALL
2021-05-17,2021-06-11,MRK,2.8,YES (prev 4W return > 0),BUY CALL
2021-05-17,2021-06-11,NKE,2.9,YES (prev 4W return > 0),BUY CALL
2021-05-17,2021-06-11,ORCL,0.4,YES (prev 4W return > 0),BUY CALL
2021-05-17,2021-06-11,PEP,1.0,YES (prev 4W return > 0),BUY CALL
2021-05-17,2021-06-11,PG,0.8,YES (prev 4W return > 0),BUY CALL
2021-05-17,2021-06-11,UNH,4.8,YES (prev 4W return > 0),BUY CALL
2021-05-17,2021-06-11,V,0.3,YES (prev 4W return > 0),BUY CALL
2021-05-17,2021-06-11,WFC,9.2,YES (prev 4W return > 0),BUY CALL
2021-05-17,2021-06-11,XOM,10.1,YES (prev 4W return > 0),BUY CALL
2021-06-14,2021-07-09,AAPL,3.3,YES (prev 4W return > 0),BUY CALL
2021-06-14,2021-07-09,ADBE,15.4,YES (prev 4W return > 0),BUY CALL
2021-06-14,2021-07-09,AVGO,8.2,YES (prev 4W return > 0),BUY CALL
2021-06-14,2021-07-09,BX,8.9,YES (prev 4W return > 0),BUY CALL
2021-06-14,2021-07-09,CMCSA,3.3,YES (prev 4W return > 0),BUY CALL
2021-06-14,2021-07-09,CRM,14.5,YES (prev 4W return > 0),BUY CALL
2021-06-14,2021-07-09,DIS,4.8,YES (prev 4W return > 0),BUY CALL
2021-06-14,2021-07-09,GOOG,8.9,YES (prev 4W return > 0),BUY CALL
2021-06-14,2021-07-09,GOOGL,7.0,YES (prev 4W return > 0),BUY CALL
2021-06-14,2021-07-09,IBM,3.4,YES (prev 4W return > 0),BUY CALL
2021-06-14,2021-07-09,INTU,13.7,YES (prev 4W return > 0),BUY CALL
2021-06-14,2021-07-09,KO,1.7,YES (prev 4W return > 0),BUY CALL
2021-06-14,2021-07-09,LLY,15.6,YES (prev 4W return > 0),BUY CALL
2021-06-14,2021-07-09,MA,0.9,YES (prev 4W return > 0),BUY CALL
2021-06-14,2021-07-09,MSFT,6.0,YES (prev 4W return > 0),BUY CALL
2021-06-14,2021-07-09,NFLX,2.2,YES (prev 4W return > 0),BUY CALL
2021-06-14,2021-07-09,NOW,12.1,YES (prev 4W return > 0),BUY CALL
2021-06-14,2021-07-09,NVDA,27.2,YES (prev 4W return > 0),BUY CALL
2021-06-14,2021-07-09,ORCL,4.5,YES (prev 4W return > 0),BUY CALL
2021-06-14,2021-07-09,PEP,1.6,YES (prev 4W return > 0),BUY CALL
2021-06-14,2021-07-09,QCOM,5.8,YES (prev 4W return > 0),BUY CALL
2021-06-14,2021-07-09,TSLA,7.1,YES (prev 4W return > 0),BUY CALL
2021-06-14,2021-07-09,V,3.4,YES (prev 4W return > 0),BUY CALL
2021-06-14,2021-07-09,WMT,1.2,YES (prev 4W return > 0),BUY CALL
2021-07-12,2021-08-06,AAPL,10.7,YES (prev 4W return > 0),BUY CALL
2021-07-12,2021-08-06,ABBV,1.9,YES (prev 4W return > 0),BUY CALL
2021-07-12,2021-08-06,ABT,7.5,YES (prev 4W return > 0),BUY CALL
2021-07-12,2021-08-06,ADBE,7.8,YES (prev 4W return > 0),BUY CALL
2021-07-12,2021-08-06,AMZN,13.7,YES (prev 4W return > 0),BUY CALL
2021-07-12,2021-08-06,AVGO,2.1,YES (prev 4W return > 0),BUY CALL
2021-07-12,2021-08-06,BX,6.6,YES (prev 4W return > 0),BUY CALL
2021-07-12,2021-08-06,CMCSA,1.7,YES (prev 4W return > 0),BUY CALL
2021-07-12,2021-08-06,COST,6.3,YES (prev 4W return > 0),BUY CALL
2021-07-12,2021-08-06,DIS,3.5,YES (prev 4W return > 0),BUY CALL
2021-07-12,2021-08-06,GOOG,3.3,YES (prev 4W return > 0),BUY CALL
2021-07-12,2021-08-06,HD,4.0,YES (prev 4W return > 0),BUY CALL
2021-07-12,2021-08-06,INTU,5.9,YES (prev 4W return > 0),BUY CALL
2021-07-12,2021-08-06,JNJ,2.5,YES (prev 4W return > 0),BUY CALL
2021-07-12,2021-08-06,JPM,0.3,YES (prev 4W return > 0),BUY CALL
2021-07-12,2021-08-06,LLY,4.4,YES (prev 4W return > 0),BUY CALL
2021-07-12,2021-08-06,MA,2.5,YES (prev 4W return > 0),BUY CALL
2021-07-12,2021-08-06,MRK,2.8,YES (prev 4W return > 0),BUY CALL
2021-07-12,2021-08-06,MSFT,6.7,YES (prev 4W return > 0),BUY CALL
2021-07-12,2021-08-06,NFLX,7.5,YES (prev 4W return > 0),BUY CALL
2021-07-12,2021-08-06,NKE,23.2,YES (prev 4W return > 0),BUY CALL
2021-07-12,2021-08-06,NOW,10.3,YES (prev 4W return > 0),BUY CALL
2021-07-12,2021-08-06,NVDA,13.8,YES (prev 4W return > 0),BUY CALL
2021-07-12,2021-08-06,ORCL,5.4,YES (prev 4W return > 0),BUY CALL
2021-07-12,2021-08-06,PEP,0.6,YES (prev 4W return > 0),BUY CALL
2021-07-12,2021-08-06,PG,1.7,YES (prev 4W return > 0),BUY CALL
2021-07-12,2021-08-06,QCOM,3.8,YES (prev 4W return > 0),BUY CALL
2021-07-12,2021-08-06,TSLA,11.0,YES (prev 4W return > 0),BUY CALL
2021-07-12,2021-08-06,UNH,4.2,YES (prev 4W return > 0),BUY CALL
2021-07-12,2021-08-06,V,1.6,YES (prev 4W return > 0),BUY CALL
2021-08-09,2021-09-03,AAPL,1.1,YES (prev 4W return > 0),BUY CALL
2021-08-09,2021-09-03,ABT,3.7,YES (prev 4W return > 0),BUY CALL
2021-08-09,2021-09-03,ADBE,4.8,YES (prev 4W return > 0),BUY CALL
2021-08-09,2021-09-03,BAC,0.1,YES (prev 4W return > 0),BUY CALL
2021-08-09,2021-09-03,BX,12.1,YES (prev 4W return > 0),BUY CALL
2021-08-09,2021-09-03,CMCSA,0.0,YES (prev 4W return > 0),BUY CALL
2021-08-09,2021-09-03,COST,8.0,YES (prev 4W return > 0),BUY CALL
2021-08-09,2021-09-03,CRM,2.6,YES (prev 4W return > 0),BUY CALL
2021-08-09,2021-09-03,GOOG,5.7,YES (prev 4W return > 0),BUY CALL
2021-08-09,2021-09-03,GOOGL,11.8,YES (prev 4W return > 0),BUY CALL
2021-08-09,2021-09-03,HD,2.2,YES (prev 4W return > 0),BUY CALL
2021-08-09,2021-09-03,IBM,0.2,YES (prev 4W return > 0),BUY CALL
2021-08-09,2021-09-03,INTU,6.0,YES (prev 4W return > 0),BUY CALL
2021-08-09,2021-09-03,JNJ,2.5,YES (prev 4W return > 0),BUY CALL
2021-08-09,2021-09-03,KO,4.0,YES (prev 4W return > 0),BUY CALL
2021-08-09,2021-09-03,LLY,13.2,YES (prev 4W return > 0),BUY CALL
2021-08-09,2021-09-03,MSFT,4.0,YES (prev 4W return > 0),BUY CALL
2021-08-09,2021-09-03,NKE,6.1,YES (prev 4W return > 0),BUY CALL
2021-08-09,2021-09-03,NOW,4.6,YES (prev 4W return > 0),BUY CALL
2021-08-09,2021-09-03,ORCL,3.2,YES (prev 4W return > 0),BUY CALL
2021-08-09,2021-09-03,PEP,3.2,YES (prev 4W return > 0),BUY CALL
2021-08-09,2021-09-03,PG,3.7,YES (prev 4W return > 0),BUY CALL
2021-08-09,2021-09-03,QCOM,3.1,YES (prev 4W return > 0),BUY CALL
2021-08-09,2021-09-03,TSLA,4.1,YES (prev 4W return > 0),BUY CALL
2021-08-09,2021-09-03,V,0.9,YES (prev 4W return > 0),BUY CALL
2021-08-09,2021-09-03,WFC,10.2,YES (prev 4W return > 0),BUY CALL
2021-08-09,2021-09-03,WMT,3.9,YES (prev 4W return > 0),BUY CALL
2021-09-03,2021-10-01,AAPL,5.6,YES (prev 4W return > 0),BUY CALL
2021-09-03,2021-10-01,ABT,4.7,YES (prev 4W return > 0),BUY CALL
2021-09-03,2021-10-01,ADBE,5.9,YES (prev 4W return > 0),BUY CALL
2021-09-03,2021-10-01,AMZN,4.1,YES (prev 4W return > 0),BUY CALL
2021-09-03,2021-10-01,AVGO,2.7,YES (prev 4W return > 0),BUY CALL
2021-09-03,2021-10-01,BAC,0.9,YES (prev 4W return > 0),BUY CALL
2021-09-03,2021-10-01,BX,12.9,YES (prev 4W return > 0),BUY CALL
2021-09-03,2021-10-01,CMCSA,5.9,YES (prev 4W return > 0),BUY CALL
2021-09-03,2021-10-01,COST,5.0,YES (prev 4W return > 0),BUY CALL
2021-09-03,2021-10-01,CRM,7.1,YES (prev 4W return > 0),BUY CALL
2021-09-03,2021-10-01,DIS,2.4,YES (prev 4W return > 0),BUY CALL
2021-09-03,2021-10-01,GOOG,4.9,YES (prev 4W return > 0),BUY CALL
2021-09-03,2021-10-01,GOOGL,5.0,YES (prev 4W return > 0),BUY CALL
2021-09-03,2021-10-01,HD,0.5,YES (prev 4W return > 0),BUY CALL
2021-09-03,2021-10-01,INTU,5.2,YES (prev 4W return > 0),BUY CALL
2021-09-03,2021-10-01,JNJ,0.8,YES (prev 4W return > 0),BUY CALL
2021-09-03,2021-10-01,JPM,1.4,YES (prev 4W return > 0),BUY CALL
2021-09-03,2021-10-01,KO,0.1,YES (prev 4W return > 0),BUY CALL
2021-09-03,2021-10-01,MRK,2.6,YES (prev 4W return > 0),BUY CALL
2021-09-03,2021-10-01,MSFT,4.4,YES (prev 4W return > 0),BUY CALL
2021-09-03,2021-10-01,NFLX,13.6,YES (prev 4W return > 0),BUY CALL
2021-09-03,2021-10-01,NOW,15.4,YES (prev 4W return > 0),BUY CALL
2021-09-03,2021-10-01,NVDA,12.6,YES (prev 4W return > 0),BUY CALL
2021-09-03,2021-10-01,ORCL,0.1,YES (prev 4W return > 0),BUY CALL
2021-09-03,2021-10-01,PEP,1.8,YES (prev 4W return > 0),BUY CALL
2021-09-03,2021-10-01,PG,1.3,YES (prev 4W return > 0),BUY CALL
2021-09-03,2021-10-01,TSLA,2.8,YES (prev 4W return > 0),BUY CALL
2021-09-03,2021-10-01,UNH,2.9,YES (prev 4W return > 0),BUY CALL
2021-09-03,2021-10-01,WMT,2.5,YES (prev 4W return > 0),BUY CALL
2021-10-04,2021-10-29,BAC,5.6,YES (prev 4W return > 0),BUY CALL
2021-10-04,2021-10-29,CRM,1.4,YES (prev 4W return > 0),BUY CALL
2021-10-04,2021-10-29,CVX,7.4,YES (prev 4W return > 0),BUY CALL
2021-10-04,2021-10-29,IBM,3.2,YES (prev 4W return > 0),BUY CALL
2021-10-04,2021-10-29,JPM,4.7,YES (prev 4W return > 0),BUY CALL
2021-10-04,2021-10-29,MA,1.2,YES (prev 4W return > 0),BUY CALL
2021-10-04,2021-10-29,MRK,7.6,YES (prev 4W return > 0),BUY CALL
2021-10-04,2021-10-29,NFLX,2.2,YES (prev 4W return > 0),BUY CALL
2021-10-04,2021-10-29,TSLA,6.5,YES (prev 4W return > 0),BUY CALL
2021-10-04,2021-10-29,WFC,6.5,YES (prev 4W return > 0),BUY CALL
2021-10-04,2021-10-29,XOM,12.5,YES (prev 4W return > 0),BUY CALL
2021-11-01,2021-11-26,AAPL,7.1,YES (prev 4W return > 0),BUY CALL
2021-11-01,2021-11-26,ABBV,5.6,YES (prev 4W return > 0),BUY CALL
2021-11-01,2021-11-26,ABT,11.6,YES (prev 4W return > 0),BUY CALL
2021-11-01,2021-11-26,ADBE,14.6,YES (prev 4W return > 0),BUY CALL
2021-11-01,2021-11-26,AVGO,10.9,YES (prev 4W return > 0),BUY CALL
2021-11-01,2021-11-26,BAC,10.4,YES (prev 4W return > 0),BUY CALL
2021-11-01,2021-11-26,BX,24.0,YES (prev 4W return > 0),BUY CALL
2021-11-01,2021-11-26,COST,11.8,YES (prev 4W return > 0),BUY CALL
2021-11-01,2021-11-26,CRM,11.8,YES (prev 4W return > 0),BUY CALL
2021-11-01,2021-11-26,CVX,9.4,YES (prev 4W return > 0),BUY CALL
2021-11-01,2021-11-26,GOOGL,7.4,YES (prev 4W return > 0),BUY CALL
2021-11-01,2021-11-26,HD,12.3,YES (prev 4W return > 0),BUY CALL
2021-11-01,2021-11-26,INTU,15.9,YES (prev 4W return > 0),BUY CALL
2021-11-01,2021-11-26,JNJ,2.4,YES (prev 4W return > 0),BUY CALL
2021-11-01,2021-11-26,JPM,1.7,YES (prev 4W return > 0),BUY CALL
2021-11-01,2021-11-26,KO,6.0,YES (prev 4W return > 0),BUY CALL
2021-11-01,2021-11-26,LLY,10.9,YES (prev 4W return > 0),BUY CALL
2021-11-01,2021-11-26,MRK,5.7,YES (prev 4W return > 0),BUY CALL
2021-11-01,2021-11-26,MSFT,16.3,YES (prev 4W return > 0),BUY CALL
2021-11-01,2021-11-26,NFLX,12.9,YES (prev 4W return > 0),BUY CALL
2021-11-01,2021-11-26,NKE,13.0,YES (prev 4W return > 0),BUY CALL
2021-11-01,2021-11-26,NOW,10.4,YES (prev 4W return > 0),BUY CALL
2021-11-01,2021-11-26,NVDA,30.9,YES (prev 4W return > 0),BUY CALL
2021-11-01,2021-11-26,ORCL,5.7,YES (prev 4W return > 0),BUY CALL
2021-11-01,2021-11-26,PEP,7.4,YES (prev 4W return > 0),BUY CALL
2021-11-01,2021-11-26,PG,2.8,YES (prev 4W return > 0),BUY CALL
2021-11-01,2021-11-26,QCOM,6.4,YES (prev 4W return > 0),BUY CALL
2021-11-01,2021-11-26,UNH,17.3,YES (prev 4W return > 0),BUY CALL
2021-11-01,2021-11-26,WFC,10.0,YES (prev 4W return > 0),BUY CALL
2021-11-01,2021-11-26,WMT,10.4,YES (prev 4W return > 0),BUY CALL
2021-11-01,2021-11-26,XOM,6.3,YES (prev 4W return > 0),BUY CALL
2021-12-27,2022-01-21,AAPL,21.1,YES (prev 4W return > 0),BUY CALL
2021-12-27,2022-01-21,ABBV,17.1,YES (prev 4W return > 0),BUY CALL
2021-12-27,2022-01-21,ABT,9.7,YES (prev 4W return > 0),BUY CALL
2021-12-27,2022-01-21,AMZN,2.3,YES (prev 4W return > 0),BUY CALL
2021-12-27,2022-01-21,AVGO,27.7,YES (prev 4W return > 0),BUY CALL
2021-12-27,2022-01-21,COST,14.6,YES (prev 4W return > 0),BUY CALL
2021-12-27,2022-01-21,CVX,3.7,YES (prev 4W return > 0),BUY CALL
2021-12-27,2022-01-21,GOOG,3.0,YES (prev 4W return > 0),BUY CALL
2021-12-27,2022-01-21,GOOGL,3.1,YES (prev 4W return > 0),BUY CALL
2021-12-27,2022-01-21,HD,10.3,YES (prev 4W return > 0),BUY CALL
2021-12-27,2022-01-21,IBM,4.2,YES (prev 4W return > 0),BUY CALL
2021-12-27,2022-01-21,INTU,7.2,YES (prev 4W return > 0),BUY CALL
2021-12-27,2022-01-21,JNJ,4.1,YES (prev 4W return > 0),BUY CALL
2021-12-27,2022-01-21,KO,4.4,YES (prev 4W return > 0),BUY CALL
2021-12-27,2022-01-21,LLY,11.7,YES (prev 4W return > 0),BUY CALL
2021-12-27,2022-01-21,MA,7.9,YES (prev 4W return > 0),BUY CALL
2021-12-27,2022-01-21,MSFT,4.0,YES (prev 4W return > 0),BUY CALL
2021-12-27,2022-01-21,NKE,0.8,YES (prev 4W return > 0),BUY CALL
2021-12-27,2022-01-21,NVDA,19.8,YES (prev 4W return > 0),BUY CALL
2021-12-27,2022-01-21,PEP,6.3,YES (prev 4W return > 0),BUY CALL
2021-12-27,2022-01-21,PG,13.6,YES (prev 4W return > 0),BUY CALL
2021-12-27,2022-01-21,QCOM,38.2,YES (prev 4W return > 0),BUY CALL
2021-12-27,2022-01-21,TMO,42.9,YES (prev 4W return > 0),BUY CALL
2021-12-27,2022-01-21,TSLA,40.0,YES (prev 4W return > 0),BUY CALL
2021-12-27,2022-01-21,UNH,10.0,YES (prev 4W return > 0),BUY CALL
2021-12-27,2022-01-21,V,2.4,YES (prev 4W return > 0),BUY CALL
2022-01-24,2022-02-18,CVX,7.1,YES (prev 4W return > 0),BUY CALL
2022-01-24,2022-02-18,KO,2.2,YES (prev 4W return > 0),BUY CALL
2022-01-24,2022-02-18,MRK,3.0,YES (prev 4W return > 0),BUY CALL
2022-01-24,2022-02-18,PEP,1.1,YES (prev 4W return > 0),BUY CALL
2022-01-24,2022-02-18,WFC,9.3,YES (prev 4W return > 0),BUY CALL
2022-01-24,2022-02-18,XOM,17.6,YES (prev 4W return > 0),BUY CALL
2022-02-18,2022-03-18,AAPL,3.5,YES (prev 4W return > 0),BUY CALL
2022-02-18,2022-03-18,ABBV,9.0,YES (prev 4W return > 0),BUY CALL
2022-02-18,2022-03-18,AMZN,5.6,YES (prev 4W return > 0),BUY CALL
2022-02-18,2022-03-18,AVGO,7.1,YES (prev 4W return > 0),BUY CALL
2022-02-18,2022-03-18,BAC,3.2,YES (prev 4W return > 0),BUY CALL
2022-02-18,2022-03-18,BX,13.2,YES (prev 4W return > 0),BUY CALL
2022-02-18,2022-03-18,COST,4.9,YES (prev 4W return > 0),BUY CALL
2022-02-18,2022-03-18,CVX,4.9,YES (prev 4W return > 0),BUY CALL
2022-02-18,2022-03-18,DIS,10.1,YES (prev 4W return > 0),BUY CALL
2022-02-18,2022-03-18,GOOG,0.1,YES (prev 4W return > 0),BUY CALL
2022-02-18,2022-03-18,JNJ,0.2,YES (prev 4W return > 0),BUY CALL
2022-02-18,2022-03-18,JPM,5.0,YES (prev 4W return > 0),BUY CALL
2022-02-18,2022-03-18,KO,4.3,YES (prev 4W return > 0),BUY CALL
2022-02-18,2022-03-18,MA,5.9,YES (prev 4W return > 0),BUY CALL
2022-02-18,2022-03-18,NFLX,1.1,YES (prev 4W return > 0),BUY CALL
2022-02-18,2022-03-18,NVDA,1.2,YES (prev 4W return > 0),BUY CALL
2022-02-18,2022-03-18,UNH,1.2,YES (prev 4W return > 0),BUY CALL
2022-02-18,2022-03-18,V,10.3,YES (prev 4W return > 0),BUY CALL
2022-02-18,2022-03-18,WFC,4.3,YES (prev 4W return > 0),BUY CALL
2022-02-18,2022-03-18,XOM,6.3,YES (prev 4W return > 0),BUY CALL
2022-04-18,2022-05-13,ABBV,10.6,YES (prev 4W return > 0),BUY CALL
2022-04-18,2022-05-13,AMZN,0.1,YES (prev 4W return > 0),BUY CALL
2022-04-18,2022-05-13,AVGO,1.1,YES (prev 4W return > 0),BUY CALL
2022-04-18,2022-05-13,CMCSA,0.5,YES (prev 4W return > 0),BUY CALL
2022-04-18,2022-05-13,COST,13.5,YES (prev 4W return > 0),BUY CALL
2022-04-18,2022-05-13,CVX,30.3,YES (prev 4W return > 0),BUY CALL
2022-04-18,2022-05-13,IBM,1.5,YES (prev 4W return > 0),BUY CALL
2022-04-18,2022-05-13,JNJ,8.8,YES (prev 4W return > 0),BUY CALL
2022-04-18,2022-05-13,KO,3.0,YES (prev 4W return > 0),BUY CALL
2022-04-18,2022-05-13,LLY,24.3,YES (prev 4W return > 0),BUY CALL
2022-04-18,2022-05-13,MRK,12.7,YES (prev 4W return > 0),BUY CALL
2022-04-18,2022-05-13,ORCL,4.9,YES (prev 4W return > 0),BUY CALL
2022-04-18,2022-05-13,PEP,1.6,YES (prev 4W return > 0),BUY CALL
2022-04-18,2022-05-13,TSLA,17.2,YES (prev 4W return > 0),BUY CALL
2022-04-18,2022-05-13,UNH,14.2,YES (prev 4W return > 0),BUY CALL
2022-04-18,2022-05-13,WMT,13.0,YES (prev 4W return > 0),BUY CALL
2022-04-18,2022-05-13,XOM,14.5,YES (prev 4W return > 0),BUY CALL
2022-05-16,2022-06-10,IBM,7.0,YES (prev 4W return > 0),BUY CALL
2022-05-16,2022-06-10,JNJ,0.2,YES (prev 4W return > 0),BUY CALL
2022-05-16,2022-06-10,KO,2.4,YES (prev 4W return > 0),BUY CALL
2022-05-16,2022-06-10,LLY,0.2,YES (prev 4W return > 0),BUY CALL
2022-05-16,2022-06-10,MRK,7.3,YES (prev 4W return > 0),BUY CALL
2022-05-16,2022-06-10,PEP,3.0,YES (prev 4W return > 0),BUY CALL
2022-05-16,2022-06-10,XOM,2.7,YES (prev 4W return > 0),BUY CALL
2022-06-13,2022-07-08,CRM,1.2,YES (prev 4W return > 0),BUY CALL
2022-06-13,2022-07-08,IBM,0.1,YES (prev 4W return > 0),BUY CALL
2022-06-13,2022-07-08,INTU,1.2,YES (prev 4W return > 0),BUY CALL
2022-06-13,2022-07-08,NOW,1.7,YES (prev 4W return > 0),BUY CALL
2022-06-13,2022-07-08,XOM,5.4,YES (prev 4W return > 0),BUY CALL
2022-07-11,2022-08-05,AAPL,9.8,YES (prev 4W return > 0),BUY CALL
2022-07-11,2022-08-05,ABBV,9.9,YES (prev 4W return > 0),BUY CALL
2022-07-11,2022-08-05,ABT,2.8,YES (prev 4W return > 0),BUY CALL
2022-07-11,2022-08-05,ADBE,3.4,YES (prev 4W return > 0),BUY CALL
2022-07-11,2022-08-05,AMZN,7.8,YES (prev 4W return > 0),BUY CALL
2022-07-11,2022-08-05,COST,10.3,YES (prev 4W return > 0),BUY CALL
2022-07-11,2022-08-05,CRM,5.0,YES (prev 4W return > 0),BUY CALL
2022-07-11,2022-08-05,GOOG,9.0,YES (prev 4W return > 0),BUY CALL
2022-07-11,2022-08-05,GOOGL,8.7,YES (prev 4W return > 0),BUY CALL
2022-07-11,2022-08-05,HD,1.1,YES (prev 4W return > 0),BUY CALL
2022-07-11,2022-08-05,IBM,4.4,YES (prev 4W return > 0),BUY CALL
2022-07-11,2022-08-05,INTU,10.6,YES (prev 4W return > 0),BUY CALL
2022-07-11,2022-08-05,JNJ,4.4,YES (prev 4W return > 0),BUY CALL
2022-07-11,2022-08-05,KO,2.6,YES (prev 4W return > 0),BUY CALL
2022-07-11,2022-08-05,LLY,13.7,YES (prev 4W return > 0),BUY CALL
2022-07-11,2022-08-05,MA,1.4,YES (prev 4W return > 0),BUY CALL
2022-07-11,2022-08-05,MRK,10.9,YES (prev 4W return > 0),BUY CALL
2022-07-11,2022-08-05,MSFT,9.2,YES (prev 4W return > 0),BUY CALL
2022-07-11,2022-08-05,NFLX,4.5,YES (prev 4W return > 0),BUY CALL
2022-07-11,2022-08-05,NOW,11.4,YES (prev 4W return > 0),BUY CALL
2022-07-11,2022-08-05,ORCL,11.7,YES (prev 4W return > 0),BUY CALL
2022-07-11,2022-08-05,PEP,6.7,YES (prev 4W return > 0),BUY CALL
2022-07-11,2022-08-05,PG,5.7,YES (prev 4W return > 0),BUY CALL
2022-07-11,2022-08-05,QCOM,2.8,YES (prev 4W return > 0),BUY CALL
2022-07-11,2022-08-05,TSLA,8.6,YES (prev 4W return > 0),BUY CALL
2022-07-11,2022-08-05,UNH,10.1,YES (prev 4W return > 0),BUY CALL
2022-07-11,2022-08-05,V,6.7,YES (prev 4W return > 0),BUY CALL
2022-07-11,2022-08-05,WFC,2.1,YES (prev 4W return > 0),BUY CALL
2022-07-11,2022-08-05,WMT,5.1,YES (prev 4W return > 0),BUY CALL
2022-08-08,2022-09-02,AAPL,13.8,YES (prev 4W return > 0),BUY CALL
2022-08-08,2022-09-02,ABT,0.1,YES (prev 4W return > 0),BUY CALL
2022-08-08,2022-09-02,ADBE,13.1,YES (prev 4W return > 0),BUY CALL
2022-08-08,2022-09-02,AMZN,24.8,YES (prev 4W return > 0),BUY CALL
2022-08-08,2022-09-02,AVGO,13.0,YES (prev 4W return > 0),BUY CALL
2022-08-08,2022-09-02,BAC,6.5,YES (prev 4W return > 0),BUY CALL
2022-08-08,2022-09-02,BX,7.9,YES (prev 4W return > 0),BUY CALL
2022-08-08,2022-09-02,COST,8.6,YES (prev 4W return > 0),BUY CALL
2022-08-08,2022-09-02,CRM,8.8,YES (prev 4W return > 0),BUY CALL
2022-08-08,2022-09-02,DIS,16.5,YES (prev 4W return > 0),BUY CALL
2022-08-08,2022-09-02,HD,8.9,YES (prev 4W return > 0),BUY CALL
2022-08-08,2022-09-02,INTU,15.9,YES (prev 4W return > 0),BUY CALL
2022-08-08,2022-09-02,JPM,1.3,YES (prev 4W return > 0),BUY CALL
2022-08-08,2022-09-02,KO,0.0,YES (prev 4W return > 0),BUY CALL
2022-08-08,2022-09-02,MA,8.6,YES (prev 4W return > 0),BUY CALL
2022-08-08,2022-09-02,META,4.5,YES (prev 4W return > 0),BUY CALL
2022-08-08,2022-09-02,MSFT,6.0,YES (prev 4W return > 0),BUY CALL
2022-08-08,2022-09-02,NFLX,31.7,YES (prev 4W return > 0),BUY CALL
2022-08-08,2022-09-02,NKE,8.5,YES (prev 4W return > 0),BUY CALL
2022-08-08,2022-09-02,NOW,0.9,YES (prev 4W return > 0),BUY CALL
2022-08-08,2022-09-02,NVDA,17.4,YES (prev 4W return > 0),BUY CALL
2022-08-08,2022-09-02,ORCL,6.8,YES (prev 4W return > 0),BUY CALL
2022-08-08,2022-09-02,PEP,2.0,YES (prev 4W return > 0),BUY CALL
2022-08-08,2022-09-02,QCOM,11.8,YES (prev 4W return > 0),BUY CALL
2022-08-08,2022-09-02,TSLA,23.9,YES (prev 4W return > 0),BUY CALL
2022-08-08,2022-09-02,UNH,3.8,YES (prev 4W return > 0),BUY CALL
2022-08-08,2022-09-02,V,4.0,YES (prev 4W return > 0),BUY CALL
2022-08-08,2022-09-02,WFC,8.5,YES (prev 4W return > 0),BUY CALL
2022-08-08,2022-09-02,WMT,1.7,YES (prev 4W return > 0),BUY CALL
2022-08-08,2022-09-02,XOM,3.9,YES (prev 4W return > 0),BUY CALL
2022-09-02,2022-09-30,CVX,2.9,YES (prev 4W return > 0),BUY CALL
2022-09-02,2022-09-30,DIS,1.9,YES (prev 4W return > 0),BUY CALL
2022-09-02,2022-09-30,TMO,1.2,YES (prev 4W return > 0),BUY CALL
2022-09-02,2022-09-30,WFC,0.4,YES (prev 4W return > 0),BUY CALL
2022-09-02,2022-09-30,WMT,4.2,YES (prev 4W return > 0),BUY CALL
2022-09-02,2022-09-30,XOM,7.5,YES (prev 4W return > 0),BUY CALL
2022-10-03,2022-10-28,ABBV,1.5,YES (prev 4W return > 0),BUY CALL
2022-10-03,2022-10-28,JNJ,0.3,YES (prev 4W return > 0),BUY CALL
2022-10-03,2022-10-28,LLY,6.7,YES (prev 4W return > 0),BUY CALL
2022-10-03,2022-10-28,MRK,1.5,YES (prev 4W return > 0),BUY CALL
2022-10-03,2022-10-28,NFLX,5.7,YES (prev 4W return > 0),BUY CALL
2022-10-31,2022-11-25,AAPL,7.6,YES (prev 4W return > 0),BUY CALL
2022-10-31,2022-11-25,ABBV,5.8,YES (prev 4W return > 0),BUY CALL
2022-10-31,2022-11-25,ADBE,11.7,YES (prev 4W return > 0),BUY CALL
2022-10-31,2022-11-25,AVGO,2.9,YES (prev 4W return > 0),BUY CALL
2022-10-31,2022-11-25,BAC,15.9,YES (prev 4W return > 0),BUY CALL
2022-10-31,2022-11-25,BX,5.4,YES (prev 4W return > 0),BUY CALL
2022-10-31,2022-11-25,CMCSA,3.6,YES (prev 4W return > 0),BUY CALL
2022-10-31,2022-11-25,COST,5.0,YES (prev 4W return > 0),BUY CALL
2022-10-31,2022-11-25,CRM,9.9,YES (prev 4W return > 0),BUY CALL
2022-10-31,2022-11-25,CVX,19.2,YES (prev 4W return > 0),BUY CALL
2022-10-31,2022-11-25,DIS,9.7,YES (prev 4W return > 0),BUY CALL
2022-10-31,2022-11-25,HD,4.4,YES (prev 4W return > 0),BUY CALL
2022-10-31,2022-11-25,IBM,13.8,YES (prev 4W return > 0),BUY CALL
2022-10-31,2022-11-25,INTU,7.7,YES (prev 4W return > 0),BUY CALL
2022-10-31,2022-11-25,JNJ,6.6,YES (prev 4W return > 0),BUY CALL
2022-10-31,2022-11-25,JPM,16.8,YES (prev 4W return > 0),BUY CALL
2022-10-31,2022-11-25,KO,5.6,YES (prev 4W return > 0),BUY CALL
2022-10-31,2022-11-25,LLY,12.6,YES (prev 4W return > 0),BUY CALL
2022-10-31,2022-11-25,MA,13.0,YES (prev 4W return > 0),BUY CALL
2022-10-31,2022-11-25,MRK,15.6,YES (prev 4W return > 0),BUY CALL
2022-10-31,2022-11-25,NFLX,22.1,YES (prev 4W return > 0),BUY CALL
2022-10-31,2022-11-25,NKE,8.5,YES (prev 4W return > 0),BUY CALL
2022-10-31,2022-11-25,NOW,7.4,YES (prev 4W return > 0),BUY CALL
2022-10-31,2022-11-25,NVDA,7.9,YES (prev 4W return > 0),BUY CALL
2022-10-31,2022-11-25,ORCL,23.8,YES (prev 4W return > 0),BUY CALL
2022-10-31,2022-11-25,PEP,9.9,YES (prev 4W return > 0),BUY CALL
2022-10-31,2022-11-25,PG,4.8,YES (prev 4W return > 0),BUY CALL
2022-10-31,2022-11-25,QCOM,0.4,YES (prev 4W return > 0),BUY CALL
2022-10-31,2022-11-25,UNH,7.7,YES (prev 4W return > 0),BUY CALL
2022-10-31,2022-11-25,V,14.0,YES (prev 4W return > 0),BUY CALL
2022-10-31,2022-11-25,WFC,10.6,YES (prev 4W return > 0),BUY CALL
2022-10-31,2022-11-25,WMT,7.4,YES (prev 4W return > 0),BUY CALL
2022-10-31,2022-11-25,XOM,20.6,YES (prev 4W return > 0),BUY CALL
2022-11-28,2022-12-23,ABBV,8.2,YES (prev 4W return > 0),BUY CALL
2022-11-28,2022-12-23,ABT,6.5,YES (prev 4W return > 0),BUY CALL
2022-11-28,2022-12-23,ADBE,3.3,YES (prev 4W return > 0),BUY CALL
2022-11-28,2022-12-23,AVGO,11.1,YES (prev 4W return > 0),BUY CALL
2022-11-28,2022-12-23,BAC,2.3,YES (prev 4W return > 0),BUY CALL
2022-11-28,2022-12-23,CMCSA,12.1,YES (prev 4W return > 0),BUY CALL
2022-11-28,2022-12-23,COST,5.9,YES (prev 4W return > 0),BUY CALL
2022-11-28,2022-12-23,GOOG,1.7,YES (prev 4W return > 0),BUY CALL
2022-11-28,2022-12-23,GOOGL,1.6,YES (prev 4W return > 0),BUY CALL
2022-11-28,2022-12-23,HD,7.7,YES (prev 4W return > 0),BUY CALL
2022-11-28,2022-12-23,IBM,5.7,YES (prev 4W return > 0),BUY CALL
2022-11-28,2022-12-23,JNJ,1.9,YES (prev 4W return > 0),BUY CALL
2022-11-28,2022-12-23,JPM,6.7,YES (prev 4W return > 0),BUY CALL
2022-11-28,2022-12-23,KO,4.8,YES (prev 4W return > 0),BUY CALL
2022-11-28,2022-12-23,LLY,1.0,YES (prev 4W return > 0),BUY CALL
2022-11-28,2022-12-23,MA,5.0,YES (prev 4W return > 0),BUY CALL
2022-11-28,2022-12-23,META,16.8,YES (prev 4W return > 0),BUY CALL
2022-11-28,2022-12-23,MRK,7.2,YES (prev 4W return > 0),BUY CALL
2022-11-28,2022-12-23,MSFT,4.1,YES (prev 4W return > 0),BUY CALL
2022-11-28,2022-12-23,NKE,13.2,YES (prev 4W return > 0),BUY CALL
2022-11-28,2022-12-23,NVDA,17.3,YES (prev 4W return > 0),BUY CALL
2022-11-28,2022-12-23,ORCL,4.3,YES (prev 4W return > 0),BUY CALL
2022-11-28,2022-12-23,PEP,1.3,YES (prev 4W return > 0),BUY CALL
2022-11-28,2022-12-23,PG,8.9,YES (prev 4W return > 0),BUY CALL
2022-11-28,2022-12-23,QCOM,1.6,YES (prev 4W return > 0),BUY CALL
2022-11-28,2022-12-23,TMO,3.3,YES (prev 4W return > 0),BUY CALL
2022-11-28,2022-12-23,V,2.0,YES (prev 4W return > 0),BUY CALL
2022-11-28,2022-12-23,WFC,2.2,YES (prev 4W return > 0),BUY CALL
2022-11-28,2022-12-23,WMT,7.9,YES (prev 4W return > 0),BUY CALL
2022-12-23,2023-01-20,ABBV,2.9,YES (prev 4W return > 0),BUY CALL
2022-12-23,2023-01-20,ABT,2.6,YES (prev 4W return > 0),BUY CALL
2022-12-23,2023-01-20,ADBE,2.9,YES (prev 4W return > 0),BUY CALL
2022-12-23,2023-01-20,AVGO,5.8,YES (prev 4W return > 0),BUY CALL
2022-12-23,2023-01-20,JNJ,0.1,YES (prev 4W return > 0),BUY CALL
2022-12-23,2023-01-20,KO,1.8,YES (prev 4W return > 0),BUY CALL
2022-12-23,2023-01-20,LLY,0.6,YES (prev 4W return > 0),BUY CALL
2022-12-23,2023-01-20,META,8.5,YES (prev 4W return > 0),BUY CALL
2022-12-23,2023-01-20,MRK,3.1,YES (prev 4W return > 0),BUY CALL
2022-12-23,2023-01-20,NFLX,4.9,YES (prev 4W return > 0),BUY CALL
2022-12-23,2023-01-20,NKE,10.8,YES (prev 4W return > 0),BUY CALL
2022-12-23,2023-01-20,PG,4.1,YES (prev 4W return > 0),BUY CALL
2022-12-23,2023-01-20,TMO,0.1,YES (prev 4W return > 0),BUY CALL
2023-01-23,2023-02-17,AAPL,7.0,YES (prev 4W return > 0),BUY CALL
2023-01-23,2023-02-17,ABT,5.4,YES (prev 4W return > 0),BUY CALL
2023-01-23,2023-02-17,ADBE,7.8,YES (prev 4W return > 0),BUY CALL
2023-01-23,2023-02-17,AMZN,14.4,YES (prev 4W return > 0),BUY CALL
2023-01-23,2023-02-17,AVGO,5.3,YES (prev 4W return > 0),BUY CALL
2023-01-23,2023-02-17,BAC,5.7,YES (prev 4W return > 0),BUY CALL
2023-01-23,2023-02-17,BX,17.2,YES (prev 4W return > 0),BUY CALL
2023-01-23,2023-02-17,CMCSA,14.6,YES (prev 4W return > 0),BUY CALL
2023-01-23,2023-02-17,COST,6.5,YES (prev 4W return > 0),BUY CALL
2023-01-23,2023-02-17,CRM,20.4,YES (prev 4W return > 0),BUY CALL
2023-01-23,2023-02-17,CVX,1.3,YES (prev 4W return > 0),BUY CALL
2023-01-23,2023-02-17,DIS,20.1,YES (prev 4W return > 0),BUY CALL
2023-01-23,2023-02-17,GOOG,12.7,YES (prev 4W return > 0),BUY CALL
2023-01-23,2023-02-17,GOOGL,11.8,YES (prev 4W return > 0),BUY CALL
2023-01-23,2023-02-17,IBM,0.1,YES (prev 4W return > 0),BUY CALL
2023-01-23,2023-02-17,INTU,6.6,YES (prev 4W return > 0),BUY CALL
2023-01-23,2023-02-17,JPM,4.6,YES (prev 4W return > 0),BUY CALL
2023-01-23,2023-02-17,MA,10.2,YES (prev 4W return > 0),BUY CALL
2023-01-23,2023-02-17,META,21.4,YES (prev 4W return > 0),BUY CALL
2023-01-23,2023-02-17,MSFT,1.6,YES (prev 4W return > 0),BUY CALL
2023-01-23,2023-02-17,NFLX,21.2,YES (prev 4W return > 0),BUY CALL
2023-01-23,2023-02-17,NKE,10.4,YES (prev 4W return > 0),BUY CALL
2023-01-23,2023-02-17,NOW,15.9,YES (prev 4W return > 0),BUY CALL
2023-01-23,2023-02-17,NVDA,26.2,YES (prev 4W return > 0),BUY CALL
2023-01-23,2023-02-17,ORCL,10.0,YES (prev 4W return > 0),BUY CALL
2023-01-23,2023-02-17,QCOM,18.2,YES (prev 4W return > 0),BUY CALL
2023-01-23,2023-02-17,TMO,11.9,YES (prev 4W return > 0),BUY CALL
2023-01-23,2023-02-17,TSLA,16.7,YES (prev 4W return > 0),BUY CALL
2023-01-23,2023-02-17,V,8.9,YES (prev 4W return > 0),BUY CALL
2023-01-23,2023-02-17,WFC,9.9,YES (prev 4W return > 0),BUY CALL
2023-01-23,2023-02-17,XOM,3.8,YES (prev 4W return > 0),BUY CALL
2023-02-17,2023-03-17,AAPL,8.1,YES (prev 4W return > 0),BUY CALL
2023-02-17,2023-03-17,ABBV,1.9,YES (prev 4W return > 0),BUY CALL
2023-02-17,2023-03-17,BAC,3.0,YES (prev 4W return > 0),BUY CALL
2023-02-17,2023-03-17,BX,6.5,YES (prev 4W return > 0),BUY CALL
2023-02-17,2023-03-17,COST,3.0,YES (prev 4W return > 0),BUY CALL
2023-02-17,2023-03-17,CRM,6.0,YES (prev 4W return > 0),BUY CALL
2023-02-17,2023-03-17,HD,0.8,YES (prev 4W return > 0),BUY CALL
2023-02-17,2023-03-17,JPM,3.6,YES (prev 4W return > 0),BUY CALL
2023-02-17,2023-03-17,META,20.7,YES (prev 4W return > 0),BUY CALL
2023-02-17,2023-03-17,MSFT,6.4,YES (prev 4W return > 0),BUY CALL
2023-02-17,2023-03-17,NVDA,11.4,YES (prev 4W return > 0),BUY CALL
2023-02-17,2023-03-17,PEP,4.2,YES (prev 4W return > 0),BUY CALL
2023-02-17,2023-03-17,TSLA,44.9,YES (prev 4W return > 0),BUY CALL
2023-02-17,2023-03-17,UNH,2.7,YES (prev 4W return > 0),BUY CALL
2023-02-17,2023-03-17,WFC,5.5,YES (prev 4W return > 0),BUY CALL
2023-02-17,2023-03-17,WMT,2.7,YES (prev 4W return > 0),BUY CALL
2023-03-20,2023-04-14,AAPL,3.2,YES (prev 4W return > 0),BUY CALL
2023-03-20,2023-04-14,ABBV,3.2,YES (prev 4W return > 0),BUY CALL
2023-03-20,2023-04-14,ADBE,1.7,YES (prev 4W return > 0),BUY CALL
2023-03-20,2023-04-14,AMZN,0.5,YES (prev 4W return > 0),BUY CALL
2023-03-20,2023-04-14,AVGO,10.7,YES (prev 4W return > 0),BUY CALL
2023-03-20,2023-04-14,CRM,12.2,YES (prev 4W return > 0),BUY CALL
2023-03-20,2023-04-14,GOOG,7.8,YES (prev 4W return > 0),BUY CALL
2023-03-20,2023-04-14,GOOGL,7.3,YES (prev 4W return > 0),BUY CALL
2023-03-20,2023-04-14,INTU,0.4,YES (prev 4W return > 0),BUY CALL
2023-03-20,2023-04-14,KO,0.8,YES (prev 4W return > 0),BUY CALL
2023-03-20,2023-04-14,LLY,1.6,YES (prev 4W return > 0),BUY CALL
2023-03-20,2023-04-14,META,14.4,YES (prev 4W return > 0),BUY CALL
2023-03-20,2023-04-14,MSFT,5.5,YES (prev 4W return > 0),BUY CALL
2023-03-20,2023-04-14,NVDA,21.1,YES (prev 4W return > 0),BUY CALL
2023-03-20,2023-04-14,PEP,0.7,YES (prev 4W return > 0),BUY CALL
2023-03-20,2023-04-14,PG,3.7,YES (prev 4W return > 0),BUY CALL
2023-04-17,2023-05-12,AAPL,5.0,YES (prev 4W return > 0),BUY CALL
2023-04-17,2023-05-12,ABBV,3.2,YES (prev 4W return > 0),BUY CALL
2023-04-17,2023-05-12,ABT,6.8,YES (prev 4W return > 0),BUY CALL
2023-04-17,2023-05-12,ADBE,4.1,YES (prev 4W return > 0),BUY CALL
2023-04-17,2023-05-12,AMZN,5.1,YES (prev 4W return > 0),BUY CALL
2023-04-17,2023-05-12,BAC,9.4,YES (prev 4W return > 0),BUY CALL
2023-04-17,2023-05-12,BX,5.7,YES (prev 4W return > 0),BUY CALL
2023-04-17,2023-05-12,CMCSA,4.6,YES (prev 4W return > 0),BUY CALL
2023-04-17,2023-05-12,COST,1.0,YES (prev 4W return > 0),BUY CALL
2023-04-17,2023-05-12,CRM,6.4,YES (prev 4W return > 0),BUY CALL
2023-04-17,2023-05-12,CVX,10.6,YES (prev 4W return > 0),BUY CALL
2023-04-17,2023-05-12,DIS,6.5,YES (prev 4W return > 0),BUY CALL
2023-04-17,2023-05-12,GOOG,4.4,YES (prev 4W return > 0),BUY CALL
2023-04-17,2023-05-12,GOOGL,4.7,YES (prev 4W return > 0),BUY CALL
2023-04-17,2023-05-12,HD,2.1,YES (prev 4W return > 0),BUY CALL
2023-04-17,2023-05-12,IBM,1.5,YES (prev 4W return > 0),BUY CALL
2023-04-17,2023-05-12,INTU,6.9,YES (prev 4W return > 0),BUY CALL
2023-04-17,2023-05-12,JNJ,7.7,YES (prev 4W return > 0),BUY CALL
2023-04-17,2023-05-12,JPM,10.0,YES (prev 4W return > 0),BUY CALL
2023-04-17,2023-05-12,KO,4.7,YES (prev 4W return > 0),BUY CALL
2023-04-17,2023-05-12,LLY,11.6,YES (prev 4W return > 0),BUY CALL
2023-04-17,2023-05-12,MA,6.7,YES (prev 4W return > 0),BUY CALL
2023-04-17,2023-05-12,META,10.6,YES (prev 4W return > 0),BUY CALL
2023-04-17,2023-05-12,MRK,8.7,YES (prev 4W return > 0),BUY CALL
2023-04-17,2023-05-12,MSFT,6.1,YES (prev 4W return > 0),BUY CALL
2023-04-17,2023-05-12,NFLX,9.0,YES (prev 4W return > 0),BUY CALL
2023-04-17,2023-05-12,NKE,4.1,YES (prev 4W return > 0),BUY CALL
2023-04-17,2023-05-12,NOW,8.1,YES (prev 4W return > 0),BUY CALL
2023-04-17,2023-05-12,NVDA,4.3,YES (prev 4W return > 0),BUY CALL
2023-04-17,2023-05-12,ORCL,9.9,YES (prev 4W return > 0),BUY CALL
2023-04-17,2023-05-12,PEP,3.9,YES (prev 4W return > 0),BUY CALL
2023-04-17,2023-05-12,PG,4.1,YES (prev 4W return > 0),BUY CALL
2023-04-17,2023-05-12,TSLA,2.1,YES (prev 4W return > 0),BUY CALL
2023-04-17,2023-05-12,UNH,6.0,YES (prev 4W return > 0),BUY CALL
2023-04-17,2023-05-12,V,7.0,YES (prev 4W return > 0),BUY CALL
2023-04-17,2023-05-12,WFC,10.2,YES (prev 4W return > 0),BUY CALL
2023-04-17,2023-05-12,WMT,6.1,YES (prev 4W return > 0),BUY CALL
2023-04-17,2023-05-12,XOM,12.0,YES (prev 4W return > 0),BUY CALL
2023-05-15,2023-06-09,AAPL,4.1,YES (prev 4W return > 0),BUY CALL
2023-05-15,2023-06-09,ABT,5.1,YES (prev 4W return > 0),BUY CALL
2023-05-15,2023-06-09,AMZN,8.2,YES (prev 4W return > 0),BUY CALL
2023-05-15,2023-06-09,AVGO,2.0,YES (prev 4W return > 0),BUY CALL
2023-05-15,2023-06-09,CMCSA,5.5,YES (prev 4W return > 0),BUY CALL
2023-05-15,2023-06-09,COST,1.6,YES (prev 4W return > 0),BUY CALL
2023-05-15,2023-06-09,CRM,3.2,YES (prev 4W return > 0),BUY CALL
2023-05-15,2023-06-09,GOOG,9.9,YES (prev 4W return > 0),BUY CALL
2023-05-15,2023-06-09,GOOGL,9.9,YES (prev 4W return > 0),BUY CALL
2023-05-15,2023-06-09,KO,0.8,YES (prev 4W return > 0),BUY CALL
2023-05-15,2023-06-09,LLY,16.7,YES (prev 4W return > 0),BUY CALL
2023-05-15,2023-06-09,MA,2.9,YES (prev 4W return > 0),BUY CALL
2023-05-15,2023-06-09,META,9.1,YES (prev 4W return > 0),BUY CALL
2023-05-15,2023-06-09,MRK,1.2,YES (prev 4W return > 0),BUY CALL
2023-05-15,2023-06-09,MSFT,7.2,YES (prev 4W return > 0),BUY CALL
2023-05-15,2023-06-09,NFLX,1.0,YES (prev 4W return > 0),BUY CALL
2023-05-15,2023-06-09,NVDA,7.2,YES (prev 4W return > 0),BUY CALL
2023-05-15,2023-06-09,ORCL,1.7,YES (prev 4W return > 0),BUY CALL
2023-05-15,2023-06-09,PEP,5.3,YES (prev 4W return > 0),BUY CALL
2023-05-15,2023-06-09,PG,3.3,YES (prev 4W return > 0),BUY CALL
2023-05-15,2023-06-09,WMT,1.6,YES (prev 4W return > 0),BUY CALL
2023-06-12,2023-07-07,AAPL,6.8,YES (prev 4W return > 0),BUY CALL
2023-06-12,2023-07-07,ADBE,37.3,YES (prev 4W return > 0),BUY CALL
2023-06-12,2023-07-07,AMZN,13.8,YES (prev 4W return > 0),BUY CALL
2023-06-12,2023-07-07,BAC,5.4,YES (prev 4W return > 0),BUY CALL
2023-06-12,2023-07-07,BX,8.1,YES (prev 4W return > 0),BUY CALL
2023-06-12,2023-07-07,CMCSA,1.2,YES (prev 4W return > 0),BUY CALL
2023-06-12,2023-07-07,COST,3.8,YES (prev 4W return > 0),BUY CALL
2023-06-12,2023-07-07,CRM,5.1,YES (prev 4W return > 0),BUY CALL
2023-06-12,2023-07-07,CVX,0.1,YES (prev 4W return > 0),BUY CALL
2023-06-12,2023-07-07,DIS,0.3,YES (prev 4W return > 0),BUY CALL
2023-06-12,2023-07-07,GOOG,6.3,YES (prev 4W return > 0),BUY CALL
2023-06-12,2023-07-07,GOOGL,6.1,YES (prev 4W return > 0),BUY CALL
2023-06-12,2023-07-07,HD,4.3,YES (prev 4W return > 0),BUY CALL
2023-06-12,2023-07-07,IBM,10.6,YES (prev 4W return > 0),BUY CALL
2023-06-12,2023-07-07,INTU,1.4,YES (prev 4W return > 0),BUY CALL
2023-06-12,2023-07-07,JNJ,0.2,YES (prev 4W return > 0),BUY CALL
2023-06-12,2023-07-07,JPM,4.3,YES (prev 4W return > 0),BUY CALL
2023-06-12,2023-07-07,LLY,2.5,YES (prev 4W return > 0),BUY CALL
2023-06-12,2023-07-07,META,13.5,YES (prev 4W return > 0),BUY CALL
2023-06-12,2023-07-07,MSFT,7.2,YES (prev 4W return > 0),BUY CALL
2023-06-12,2023-07-07,NFLX,26.2,YES (prev 4W return > 0),BUY CALL
2023-06-12,2023-07-07,NOW,18.0,YES (prev 4W return > 0),BUY CALL
2023-06-12,2023-07-07,NVDA,36.4,YES (prev 4W return > 0),BUY CALL
2023-06-12,2023-07-07,ORCL,19.7,YES (prev 4W return > 0),BUY CALL
2023-06-12,2023-07-07,QCOM,14.9,YES (prev 4W return > 0),BUY CALL
2023-06-12,2023-07-07,TSLA,50.2,YES (prev 4W return > 0),BUY CALL
2023-06-12,2023-07-07,UNH,1.2,YES (prev 4W return > 0),BUY CALL
2023-06-12,2023-07-07,WFC,7.9,YES (prev 4W return > 0),BUY CALL
2023-06-12,2023-07-07,WMT,1.5,YES (prev 4W return > 0),BUY CALL
2023-06-12,2023-07-07,XOM,1.3,YES (prev 4W return > 0),BUY CALL
2023-07-10,2023-08-04,AAPL,2.6,YES (prev 4W return > 0),BUY CALL
2023-07-10,2023-08-04,ABT,5.5,YES (prev 4W return > 0),BUY CALL
2023-07-10,2023-08-04,ADBE,4.6,YES (prev 4W return > 0),BUY CALL
2023-07-10,2023-08-04,AMZN,0.4,YES (prev 4W return > 0),BUY CALL
2023-07-10,2023-08-04,AVGO,37.2,YES (prev 4W return > 0),BUY CALL
2023-07-10,2023-08-04,BX,3.9,YES (prev 4W return > 0),BUY CALL
2023-07-10,2023-08-04,CMCSA,2.9,YES (prev 4W return > 0),BUY CALL
2023-07-10,2023-08-04,COST,1.2,YES (prev 4W return > 0),BUY CALL
2023-07-10,2023-08-04,HD,3.1,YES (prev 4W return > 0),BUY CALL
2023-07-10,2023-08-04,INTU,4.1,YES (prev 4W return > 0),BUY CALL
2023-07-10,2023-08-04,JPM,2.9,YES (prev 4W return > 0),BUY CALL
2023-07-10,2023-08-04,LLY,1.8,YES (prev 4W return > 0),BUY CALL
2023-07-10,2023-08-04,MA,4.5,YES (prev 4W return > 0),BUY CALL
2023-07-10,2023-08-04,META,8.5,YES (prev 4W return > 0),BUY CALL
2023-07-10,2023-08-04,MRK,0.1,YES (prev 4W return > 0),BUY CALL
2023-07-10,2023-08-04,NFLX,4.2,YES (prev 4W return > 0),BUY CALL
2023-07-10,2023-08-04,NOW,3.5,YES (prev 4W return > 0),BUY CALL
2023-07-10,2023-08-04,NVDA,6.8,YES (prev 4W return > 0),BUY CALL
2023-07-10,2023-08-04,PEP,1.3,YES (prev 4W return > 0),BUY CALL
2023-07-10,2023-08-04,PG,2.4,YES (prev 4W return > 0),BUY CALL
2023-07-10,2023-08-04,TSLA,7.9,YES (prev 4W return > 0),BUY CALL
2023-07-10,2023-08-04,V,5.3,YES (prev 4W return > 0),BUY CALL
2023-07-10,2023-08-04,WFC,1.2,YES (prev 4W return > 0),BUY CALL
2023-07-10,2023-08-04,WMT,0.5,YES (prev 4W return > 0),BUY CALL
2023-08-04,2023-09-01,JNJ,6.0,YES (prev 4W return > 0),BUY CALL
2023-08-04,2023-09-01,TMO,4.8,YES (prev 4W return > 0),BUY CALL
2023-08-07,2023-09-01,ABBV,11.8,YES (prev 4W return > 0),BUY CALL
2023-08-07,2023-09-01,ABT,1.3,YES (prev 4W return > 0),BUY CALL
2023-08-07,2023-09-01,ADBE,6.7,YES (prev 4W return > 0),BUY CALL
2023-08-07,2023-09-01,AMZN,11.9,YES (prev 4W return > 0),BUY CALL
2023-08-07,2023-09-01,AVGO,2.2,YES (prev 4W return > 0),BUY CALL
2023-08-07,2023-09-01,BAC,11.2,YES (prev 4W return > 0),BUY CALL
2023-08-07,2023-09-01,BX,11.3,YES (prev 4W return > 0),BUY CALL
2023-08-07,2023-09-01,CMCSA,8.6,YES (prev 4W return > 0),BUY CALL
2023-08-07,2023-09-01,COST,6.0,YES (prev 4W return > 0),BUY CALL
2023-08-07,2023-09-01,CVX,3.0,YES (prev 4W return > 0),BUY CALL
2023-08-07,2023-09-01,GOOG,12.9,YES (prev 4W return > 0),BUY CALL
2023-08-07,2023-09-01,GOOGL,12.9,YES (prev 4W return > 0),BUY CALL
2023-08-07,2023-09-01,HD,6.1,YES (prev 4W return > 0),BUY CALL
2023-08-07,2023-09-01,IBM,10.0,YES (prev 4W return > 0),BUY CALL
2023-08-07,2023-09-01,INTU,8.8,YES (prev 4W return > 0),BUY CALL
2023-08-07,2023-09-01,JPM,8.0,YES (prev 4W return > 0),BUY CALL
2023-08-07,2023-09-01,KO,3.2,YES (prev 4W return > 0),BUY CALL
2023-08-07,2023-09-01,LLY,0.2,YES (prev 4W return > 0),BUY CALL
2023-08-07,2023-09-01,MA,1.2,YES (prev 4W return > 0),BUY CALL
2023-08-07,2023-09-01,META,7.6,YES (prev 4W return > 0),BUY CALL
2023-08-07,2023-09-01,NKE,4.4,YES (prev 4W return > 0),BUY CALL
2023-08-07,2023-09-01,NVDA,7.7,YES (prev 4W return > 0),BUY CALL
2023-08-07,2023-09-01,ORCL,1.5,YES (prev 4W return > 0),BUY CALL
2023-08-07,2023-09-01,PEP,1.4,YES (prev 4W return > 0),BUY CALL
2023-08-07,2023-09-01,PG,5.4,YES (prev 4W return > 0),BUY CALL
2023-08-07,2023-09-01,QCOM,1.9,YES (prev 4W return > 0),BUY CALL
2023-08-07,2023-09-01,UNH,10.3,YES (prev 4W return > 0),BUY CALL
2023-08-07,2023-09-01,V,1.4,YES (prev 4W return > 0),BUY CALL
2023-08-07,2023-09-01,WFC,6.5,YES (prev 4W return > 0),BUY CALL
2023-08-07,2023-09-01,WMT,3.6,YES (prev 4W return > 0),BUY CALL
2023-08-07,2023-09-01,XOM,2.4,YES (prev 4W return > 0),BUY CALL
2023-08-31,2023-09-29,TMO,1.5,YES (prev 4W return > 0),BUY CALL
2023-09-01,2023-09-29,AAPL,5.9,YES (prev 4W return > 0),BUY CALL
2023-09-01,2023-09-29,ADBE,6.3,YES (prev 4W return > 0),BUY CALL
2023-09-01,2023-09-29,BX,0.5,YES (prev 4W return > 0),BUY CALL
2023-09-01,2023-09-29,CMCSA,0.6,YES (prev 4W return > 0),BUY CALL
2023-09-01,2023-09-29,CRM,4.1,YES (prev 4W return > 0),BUY CALL
2023-09-01,2023-09-29,CVX,2.8,YES (prev 4W return > 0),BUY CALL
2023-09-01,2023-09-29,GOOG,3.7,YES (prev 4W return > 0),BUY CALL
2023-09-01,2023-09-29,GOOGL,3.1,YES (prev 4W return > 0),BUY CALL
2023-09-01,2023-09-29,HD,1.2,YES (prev 4W return > 0),BUY CALL
2023-09-01,2023-09-29,IBM,1.2,YES (prev 4W return > 0),BUY CALL
2023-09-01,2023-09-29,INTU,8.8,YES (prev 4W return > 0),BUY CALL
2023-09-01,2023-09-29,LLY,22.7,YES (prev 4W return > 0),BUY CALL
2023-09-01,2023-09-29,MA,4.7,YES (prev 4W return > 0),BUY CALL
2023-09-01,2023-09-29,MRK,3.5,YES (prev 4W return > 0),BUY CALL
2023-09-01,2023-09-29,NVDA,6.8,YES (prev 4W return > 0),BUY CALL
2023-09-01,2023-09-29,ORCL,4.2,YES (prev 4W return > 0),BUY CALL
2023-09-01,2023-09-29,V,2.7,YES (prev 4W return > 0),BUY CALL
2023-09-01,2023-09-29,WMT,0.7,YES (prev 4W return > 0),BUY CALL
2023-09-01,2023-09-29,XOM,5.9,YES (prev 4W return > 0),BUY CALL
2023-10-02,2023-10-27,ABBV,0.0,YES (prev 4W return > 0),BUY CALL
2023-10-02,2023-10-27,BX,2.6,YES (prev 4W return > 0),BUY CALL
2023-10-02,2023-10-27,COST,5.0,YES (prev 4W return > 0),BUY CALL
2023-10-02,2023-10-27,DIS,0.0,YES (prev 4W return > 0),BUY CALL
2023-10-02,2023-10-27,META,3.5,YES (prev 4W return > 0),BUY CALL
2023-10-02,2023-10-27,NOW,0.1,YES (prev 4W return > 0),BUY CALL
2023-10-02,2023-10-27,TSLA,2.7,YES (prev 4W return > 0),BUY CALL
2023-10-02,2023-10-27,UNH,8.0,YES (prev 4W return > 0),BUY CALL
2023-10-02,2023-10-27,XOM,1.9,YES (prev 4W return > 0),BUY CALL
2023-10-27,2023-11-24,LLY,4.1,YES (prev 4W return > 0),BUY CALL
2023-10-30,2023-11-24,ADBE,1.1,YES (prev 4W return > 0),BUY CALL
2023-10-30,2023-11-24,AMZN,2.5,YES (prev 4W return > 0),BUY CALL
2023-10-30,2023-11-24,AVGO,0.8,YES (prev 4W return > 0),BUY CALL
2023-10-30,2023-11-24,IBM,1.3,YES (prev 4W return > 0),BUY CALL
2023-10-30,2023-11-24,KO,1.2,YES (prev 4W return > 0),BUY CALL
2023-10-30,2023-11-24,MRK,0.1,YES (prev 4W return > 0),BUY CALL
2023-10-30,2023-11-24,MSFT,4.8,YES (prev 4W return > 0),BUY CALL
2023-10-30,2023-11-24,NFLX,8.6,YES (prev 4W return > 0),BUY CALL
2023-10-30,2023-11-24,NKE,7.7,YES (prev 4W return > 0),BUY CALL
2023-10-30,2023-11-24,NOW,2.4,YES (prev 4W return > 0),BUY CALL
2023-10-30,2023-11-24,PG,2.8,YES (prev 4W return > 0),BUY CALL
2023-10-30,2023-11-24,UNH,3.0,YES (prev 4W return > 0),BUY CALL
2023-10-30,2023-11-24,V,0.8,YES (prev 4W return > 0),BUY CALL
2023-10-30,2023-11-24,WMT,1.8,YES (prev 4W return > 0),BUY CALL
2023-11-27,2023-12-22,AAPL,11.5,YES (prev 4W return > 0),BUY CALL
2023-11-27,2023-12-22,ABT,10.4,YES (prev 4W return > 0),BUY CALL
2023-11-27,2023-12-22,ADBE,17.5,YES (prev 4W return > 0),BUY CALL
2023-11-27,2023-12-22,AMZN,11.3,YES (prev 4W return > 0),BUY CALL
2023-11-27,2023-12-22,AVGO,13.0,YES (prev 4W return > 0),BUY CALL
2023-11-27,2023-12-22,BAC,15.1,YES (prev 4W return > 0),BUY CALL
2023-11-27,2023-12-22,BX,15.6,YES (prev 4W return > 0),BUY CALL
2023-11-27,2023-12-22,CMCSA,4.1,YES (prev 4W return > 0),BUY CALL
2023-11-27,2023-12-22,COST,7.2,YES (prev 4W return > 0),BUY CALL
2023-11-27,2023-12-22,CRM,12.8,YES (prev 4W return > 0),BUY CALL
2023-11-27,2023-12-22,DIS,18.0,YES (prev 4W return > 0),BUY CALL
2023-11-27,2023-12-22,GOOG,9.8,YES (prev 4W return > 0),BUY CALL
2023-11-27,2023-12-22,GOOGL,9.6,YES (prev 4W return > 0),BUY CALL
2023-11-27,2023-12-22,HD,10.5,YES (prev 4W return > 0),BUY CALL
2023-11-27,2023-12-22,IBM,9.1,YES (prev 4W return > 0),BUY CALL
2023-11-27,2023-12-22,JNJ,2.9,YES (prev 4W return > 0),BUY CALL
2023-11-27,2023-12-22,JPM,11.5,YES (prev 4W return > 0),BUY CALL
2023-11-27,2023-12-22,KO,4.1,YES (prev 4W return > 0),BUY CALL
2023-11-27,2023-12-22,LLY,5.6,YES (prev 4W return > 0),BUY CALL
2023-11-27,2023-12-22,MA,9.8,YES (prev 4W return > 0),BUY CALL
2023-11-27,2023-12-22,META,10.6,YES (prev 4W return > 0),BUY CALL
2023-11-27,2023-12-22,MSFT,12.2,YES (prev 4W return > 0),BUY CALL
2023-11-27,2023-12-22,NFLX,16.8,YES (prev 4W return > 0),BUY CALL
2023-11-27,2023-12-22,NKE,6.1,YES (prev 4W return > 0),BUY CALL
2023-11-27,2023-12-22,NOW,17.9,YES (prev 4W return > 0),BUY CALL
2023-11-27,2023-12-22,NVDA,17.2,YES (prev 4W return > 0),BUY CALL
2023-11-27,2023-12-22,ORCL,14.6,YES (prev 4W return > 0),BUY CALL
2023-11-27,2023-12-22,PEP,3.7,YES (prev 4W return > 0),BUY CALL
2023-11-27,2023-12-22,PG,1.3,YES (prev 4W return > 0),BUY CALL
2023-11-27,2023-12-22,QCOM,18.9,YES (prev 4W return > 0),BUY CALL
2023-11-27,2023-12-22,TSLA,19.6,YES (prev 4W return > 0),BUY CALL
2023-11-27,2023-12-22,UNH,2.6,YES (prev 4W return > 0),BUY CALL
2023-11-27,2023-12-22,V,9.0,YES (prev 4W return > 0),BUY CALL
2023-11-27,2023-12-22,WFC,9.1,YES (prev 4W return > 0),BUY CALL
2023-12-22,2024-01-19,AAPL,2.0,YES (prev 4W return > 0),BUY CALL
2023-12-22,2024-01-19,ABBV,11.4,YES (prev 4W return > 0),BUY CALL
2023-12-22,2024-01-19,ABT,6.2,YES (prev 4W return > 0),BUY CALL
2023-12-22,2024-01-19,AMZN,3.9,YES (prev 4W return > 0),BUY CALL
2023-12-22,2024-01-19,AVGO,18.1,YES (prev 4W return > 0),BUY CALL
2023-12-22,2024-01-19,BAC,13.1,YES (prev 4W return > 0),BUY CALL
2023-12-22,2024-01-19,BX,22.4,YES (prev 4W return > 0),BUY CALL
2023-12-22,2024-01-19,CMCSA,4.5,YES (prev 4W return > 0),BUY CALL
2023-12-22,2024-01-19,COST,12.9,YES (prev 4W return > 0),BUY CALL
2023-12-22,2024-01-19,CRM,18.5,YES (prev 4W return > 0),BUY CALL
2023-12-22,2024-01-19,CVX,4.6,YES (prev 4W return > 0),BUY CALL
2023-12-22,2024-01-19,GOOG,3.4,YES (prev 4W return > 0),BUY CALL
2023-12-22,2024-01-19,GOOGL,3.7,YES (prev 4W return > 0),BUY CALL
2023-12-22,2024-01-19,HD,12.1,YES (prev 4W return > 0),BUY CALL
2023-12-22,2024-01-19,IBM,4.2,YES (prev 4W return > 0),BUY CALL
2023-12-22,2024-01-19,INTU,28.0,YES (prev 4W return > 0),BUY CALL
2023-12-22,2024-01-19,JNJ,2.8,YES (prev 4W return > 0),BUY CALL
2023-12-22,2024-01-19,JPM,9.3,YES (prev 4W return > 0),BUY CALL
2023-12-22,2024-01-19,MA,3.7,YES (prev 4W return > 0),BUY CALL
2023-12-22,2024-01-19,META,5.6,YES (prev 4W return > 0),BUY CALL
2023-12-22,2024-01-19,MRK,6.2,YES (prev 4W return > 0),BUY CALL
2023-12-22,2024-01-19,NFLX,1.6,YES (prev 4W return > 0),BUY CALL
2023-12-22,2024-01-19,NKE,0.1,YES (prev 4W return > 0),BUY CALL
2023-12-22,2024-01-19,NOW,4.0,YES (prev 4W return > 0),BUY CALL
2023-12-22,2024-01-19,NVDA,1.2,YES (prev 4W return > 0),BUY CALL
2023-12-22,2024-01-19,QCOM,11.9,YES (prev 4W return > 0),BUY CALL
2023-12-22,2024-01-19,TSLA,7.0,YES (prev 4W return > 0),BUY CALL
2023-12-22,2024-01-19,V,1.7,YES (prev 4W return > 0),BUY CALL
2023-12-22,2024-01-19,WFC,14.3,YES (prev 4W return > 0),BUY CALL
2024-01-22,2024-02-16,AAPL,0.1,YES (prev 4W return > 0),BUY CALL
2024-01-22,2024-02-16,ABBV,6.7,YES (prev 4W return > 0),BUY CALL
2024-01-22,2024-02-16,ABT,4.7,YES (prev 4W return > 0),BUY CALL
2024-01-22,2024-02-16,ADBE,0.8,YES (prev 4W return > 0),BUY CALL
2024-01-22,2024-02-16,AMZN,0.9,YES (prev 4W return > 0),BUY CALL
2024-01-22,2024-02-16,AVGO,8.8,YES (prev 4W return > 0),BUY CALL
2024-01-22,2024-02-16,COST,3.1,YES (prev 4W return > 0),BUY CALL
2024-01-22,2024-02-16,CRM,5.2,YES (prev 4W return > 0),BUY CALL
2024-01-22,2024-02-16,DIS,4.5,YES (prev 4W return > 0),BUY CALL
2024-01-22,2024-02-16,GOOG,3.5,YES (prev 4W return > 0),BUY CALL
2024-01-22,2024-02-16,GOOGL,3.2,YES (prev 4W return > 0),BUY CALL
2024-01-22,2024-02-16,HD,2.3,YES (prev 4W return > 0),BUY CALL
2024-01-22,2024-02-16,IBM,6.6,YES (prev 4W return > 0),BUY CALL
2024-01-22,2024-02-16,INTU,1.0,YES (prev 4W return > 0),BUY CALL
2024-01-22,2024-02-16,JNJ,4.5,YES (prev 4W return > 0),BUY CALL
2024-01-22,2024-02-16,JPM,1.6,YES (prev 4W return > 0),BUY CALL
2024-01-22,2024-02-16,KO,2.1,YES (prev 4W return > 0),BUY CALL
2024-01-22,2024-02-16,LLY,10.6,YES (prev 4W return > 0),BUY CALL
2024-01-22,2024-02-16,MA,3.7,YES (prev 4W return > 0),BUY CALL
2024-01-22,2024-02-16,META,8.0,YES (prev 4W return > 0),BUY CALL
2024-01-22,2024-02-16,MRK,10.9,YES (prev 4W return > 0),BUY CALL
2024-01-22,2024-02-16,MSFT,5.9,YES (prev 4W return > 0),BUY CALL
2024-01-22,2024-02-16,NOW,7.9,YES (prev 4W return > 0),BUY CALL
2024-01-22,2024-02-16,NVDA,22.2,YES (prev 4W return > 0),BUY CALL
2024-01-22,2024-02-16,ORCL,3.7,YES (prev 4W return > 0),BUY CALL
2024-01-22,2024-02-16,PG,1.8,YES (prev 4W return > 0),BUY CALL
2024-01-22,2024-02-16,QCOM,6.5,YES (prev 4W return > 0),BUY CALL
2024-01-22,2024-02-16,TMO,4.6,YES (prev 4W return > 0),BUY CALL
2024-01-22,2024-02-16,V,4.9,YES (prev 4W return > 0),BUY CALL
2024-01-22,2024-02-16,WMT,3.7,YES (prev 4W return > 0),BUY CALL
2024-02-16,2024-03-15,ABBV,7.3,YES (prev 4W return > 0),BUY CALL
2024-02-16,2024-03-15,AMZN,9.5,YES (prev 4W return > 0),BUY CALL
2024-02-16,2024-03-15,BAC,4.7,YES (prev 4W return > 0),BUY CALL
2024-02-16,2024-03-15,BX,5.7,YES (prev 4W return > 0),BUY CALL
2024-02-16,2024-03-15,COST,4.5,YES (prev 4W return > 0),BUY CALL
2024-02-16,2024-03-15,CRM,3.4,YES (prev 4W return > 0),BUY CALL
2024-02-16,2024-03-15,CVX,8.5,YES (prev 4W return > 0),BUY CALL
2024-02-16,2024-03-15,DIS,17.4,YES (prev 4W return > 0),BUY CALL
2024-02-16,2024-03-15,HD,1.6,YES (prev 4W return > 0),BUY CALL
2024-02-16,2024-03-15,IBM,8.6,YES (prev 4W return > 0),BUY CALL
2024-02-16,2024-03-15,JPM,5.2,YES (prev 4W return > 0),BUY CALL
2024-02-16,2024-03-15,LLY,24.0,YES (prev 4W return > 0),BUY CALL
2024-02-16,2024-03-15,MA,6.5,YES (prev 4W return > 0),BUY CALL
2024-02-16,2024-03-15,META,24.0,YES (prev 4W return > 0),BUY CALL
2024-02-16,2024-03-15,MRK,7.0,YES (prev 4W return > 0),BUY CALL
2024-02-16,2024-03-15,MSFT,1.9,YES (prev 4W return > 0),BUY CALL
2024-02-16,2024-03-15,NFLX,20.2,YES (prev 4W return > 0),BUY CALL
2024-02-16,2024-03-15,NKE,2.9,YES (prev 4W return > 0),BUY CALL
2024-02-16,2024-03-15,NVDA,21.7,YES (prev 4W return > 0),BUY CALL
2024-02-16,2024-03-15,ORCL,1.1,YES (prev 4W return > 0),BUY CALL
2024-02-16,2024-03-15,PEP,0.7,YES (prev 4W return > 0),BUY CALL
2024-02-16,2024-03-15,PG,6.5,YES (prev 4W return > 0),BUY CALL
2024-02-16,2024-03-15,UNH,1.7,YES (prev 4W return > 0),BUY CALL
2024-02-16,2024-03-15,V,2.7,YES (prev 4W return > 0),BUY CALL
2024-02-16,2024-03-15,WFC,7.0,YES (prev 4W return > 0),BUY CALL
2024-02-16,2024-03-15,WMT,4.9,YES (prev 4W return > 0),BUY CALL
2024-02-16,2024-03-15,XOM,7.1,YES (prev 4W return > 0),BUY CALL
2024-03-18,2024-04-12,ABBV,0.6,YES (prev 4W return > 0),BUY CALL
2024-03-18,2024-04-12,AMZN,2.9,YES (prev 4W return > 0),BUY CALL
2024-03-18,2024-04-12,AVGO,1.4,YES (prev 4W return > 0),BUY CALL
2024-03-18,2024-04-12,BAC,5.6,YES (prev 4W return > 0),BUY CALL
2024-03-18,2024-04-12,CMCSA,4.6,YES (prev 4W return > 0),BUY CALL
2024-03-18,2024-04-12,COST,1.0,YES (prev 4W return > 0),BUY CALL
2024-03-18,2024-04-12,CRM,3.7,YES (prev 4W return > 0),BUY CALL
2024-03-18,2024-04-12,CVX,0.5,YES (prev 4W return > 0),BUY CALL
2024-03-18,2024-04-12,DIS,2.0,YES (prev 4W return > 0),BUY CALL
2024-03-18,2024-04-12,GOOG,4.7,YES (prev 4W return > 0),BUY CALL
2024-03-18,2024-04-12,GOOGL,5.1,YES (prev 4W return > 0),BUY CALL
2024-03-18,2024-04-12,HD,2.6,YES (prev 4W return > 0),BUY CALL
2024-03-18,2024-04-12,IBM,2.2,YES (prev 4W return > 0),BUY CALL
2024-03-18,2024-04-12,JNJ,0.1,YES (prev 4W return > 0),BUY CALL
2024-03-18,2024-04-12,JPM,7.6,YES (prev 4W return > 0),BUY CALL
2024-03-18,2024-04-12,KO,1.2,YES (prev 4W return > 0),BUY CALL
2024-03-18,2024-04-12,MA,2.3,YES (prev 4W return > 0),BUY CALL
2024-03-18,2024-04-12,META,5.0,YES (prev 4W return > 0),BUY CALL
2024-03-18,2024-04-12,MSFT,3.3,YES (prev 4W return > 0),BUY CALL
2024-03-18,2024-04-12,NFLX,5.9,YES (prev 4W return > 0),BUY CALL
2024-03-18,2024-04-12,NOW,0.4,YES (prev 4W return > 0),BUY CALL
2024-03-18,2024-04-12,NVDA,21.8,YES (prev 4W return > 0),BUY CALL
2024-03-18,2024-04-12,ORCL,14.8,YES (prev 4W return > 0),BUY CALL
2024-03-18,2024-04-12,PEP,3.0,YES (prev 4W return > 0),BUY CALL
2024-03-18,2024-04-12,PG,2.3,YES (prev 4W return > 0),BUY CALL
2024-03-18,2024-04-12,QCOM,9.3,YES (prev 4W return > 0),BUY CALL
2024-03-18,2024-04-12,TMO,5.9,YES (prev 4W return > 0),BUY CALL
2024-03-18,2024-04-12,V,2.3,YES (prev 4W return > 0),BUY CALL
2024-03-18,2024-04-12,WFC,11.3,YES (prev 4W return > 0),BUY CALL
2024-03-18,2024-04-12,XOM,8.3,YES (prev 4W return > 0),BUY CALL
2024-04-15,2024-05-10,AMZN,5.2,YES (prev 4W return > 0),BUY CALL
2024-04-15,2024-05-10,AVGO,5.9,YES (prev 4W return > 0),BUY CALL
2024-04-15,2024-05-10,CVX,1.4,YES (prev 4W return > 0),BUY CALL
2024-04-15,2024-05-10,GOOG,5.3,YES (prev 4W return > 0),BUY CALL
2024-04-15,2024-05-10,GOOGL,4.9,YES (prev 4W return > 0),BUY CALL
2024-04-15,2024-05-10,META,0.7,YES (prev 4W return > 0),BUY CALL
2024-04-15,2024-05-10,MRK,3.9,YES (prev 4W return > 0),BUY CALL
2024-04-15,2024-05-10,QCOM,1.7,YES (prev 4W return > 0),BUY CALL
2024-04-15,2024-05-10,XOM,6.6,YES (prev 4W return > 0),BUY CALL
2024-05-13,2024-06-07,AAPL,7.9,YES (prev 4W return > 0),BUY CALL
2024-05-13,2024-06-07,ADBE,2.8,YES (prev 4W return > 0),BUY CALL
2024-05-13,2024-06-07,AMZN,1.6,YES (prev 4W return > 0),BUY CALL
2024-05-13,2024-06-07,AVGO,2.0,YES (prev 4W return > 0),BUY CALL
2024-05-13,2024-06-07,BAC,6.3,YES (prev 4W return > 0),BUY CALL
2024-05-13,2024-06-07,BX,0.8,YES (prev 4W return > 0),BUY CALL
2024-05-13,2024-06-07,CMCSA,0.7,YES (prev 4W return > 0),BUY CALL
2024-05-13,2024-06-07,COST,7.9,YES (prev 4W return > 0),BUY CALL
2024-05-13,2024-06-07,CRM,1.7,YES (prev 4W return > 0),BUY CALL
2024-05-13,2024-06-07,CVX,4.4,YES (prev 4W return > 0),BUY CALL
2024-05-13,2024-06-07,GOOG,9.3,YES (prev 4W return > 0),BUY CALL
2024-05-13,2024-06-07,GOOGL,9.2,YES (prev 4W return > 0),BUY CALL
2024-05-13,2024-06-07,HD,0.9,YES (prev 4W return > 0),BUY CALL
2024-05-13,2024-06-07,INTU,2.5,YES (prev 4W return > 0),BUY CALL
2024-05-13,2024-06-07,JNJ,2.5,YES (prev 4W return > 0),BUY CALL
2024-05-13,2024-06-07,JPM,8.7,YES (prev 4W return > 0),BUY CALL
2024-05-13,2024-06-07,KO,9.4,YES (prev 4W return > 0),BUY CALL
2024-05-13,2024-06-07,LLY,0.9,YES (prev 4W return > 0),BUY CALL
2024-05-13,2024-06-07,MRK,2.5,YES (prev 4W return > 0),BUY CALL
2024-05-13,2024-06-07,MSFT,0.0,YES (prev 4W return > 0),BUY CALL
2024-05-13,2024-06-07,NFLX,1.6,YES (prev 4W return > 0),BUY CALL
2024-05-13,2024-06-07,NVDA,5.1,YES (prev 4W return > 0),BUY CALL
2024-05-13,2024-06-07,PEP,8.4,YES (prev 4W return > 0),BUY CALL
2024-05-13,2024-06-07,PG,6.7,YES (prev 4W return > 0),BUY CALL
2024-05-13,2024-06-07,QCOM,8.5,YES (prev 4W return > 0),BUY CALL
2024-05-13,2024-06-07,TSLA,6.4,YES (prev 4W return > 0),BUY CALL
2024-05-13,2024-06-07,UNH,14.8,YES (prev 4W return > 0),BUY CALL
2024-05-13,2024-06-07,V,3.0,YES (prev 4W return > 0),BUY CALL
2024-05-13,2024-06-07,WFC,7.5,YES (prev 4W return > 0),BUY CALL
2024-05-13,2024-06-07,WMT,0.8,YES (prev 4W return > 0),BUY CALL
2024-06-10,2024-07-05,AAPL,3.7,YES (prev 4W return > 0),BUY CALL
2024-06-10,2024-07-05,ABBV,5.7,YES (prev 4W return > 0),BUY CALL
2024-06-10,2024-07-05,ABT,2.6,YES (prev 4W return > 0),BUY CALL
2024-06-10,2024-07-05,AMZN,0.3,YES (prev 4W return > 0),BUY CALL
2024-06-10,2024-07-05,AVGO,7.7,YES (prev 4W return > 0),BUY CALL
2024-06-10,2024-07-05,BAC,3.8,YES (prev 4W return > 0),BUY CALL
2024-06-10,2024-07-05,COST,9.4,YES (prev 4W return > 0),BUY CALL
2024-06-10,2024-07-05,GOOG,3.4,YES (prev 4W return > 0),BUY CALL
2024-06-10,2024-07-05,GOOGL,3.5,YES (prev 4W return > 0),BUY CALL
2024-06-10,2024-07-05,IBM,1.7,YES (prev 4W return > 0),BUY CALL
2024-06-10,2024-07-05,JPM,0.4,YES (prev 4W return > 0),BUY CALL
2024-06-10,2024-07-05,KO,0.0,YES (prev 4W return > 0),BUY CALL
2024-06-10,2024-07-05,LLY,14.2,YES (prev 4W return > 0),BUY CALL
2024-06-10,2024-07-05,META,7.4,YES (prev 4W return > 0),BUY CALL
2024-06-10,2024-07-05,MRK,1.7,YES (prev 4W return > 0),BUY CALL
2024-06-10,2024-07-05,MSFT,3.4,YES (prev 4W return > 0),BUY CALL
2024-06-10,2024-07-05,NFLX,4.5,YES (prev 4W return > 0),BUY CALL
2024-06-10,2024-07-05,NKE,3.5,YES (prev 4W return > 0),BUY CALL
2024-06-10,2024-07-05,ORCL,7.0,YES (prev 4W return > 0),BUY CALL
2024-06-10,2024-07-05,PG,0.9,YES (prev 4W return > 0),BUY CALL
2024-06-10,2024-07-05,QCOM,13.6,YES (prev 4W return > 0),BUY CALL
2024-06-10,2024-07-05,TMO,4.2,YES (prev 4W return > 0),BUY CALL
2024-06-10,2024-07-05,TSLA,1.1,YES (prev 4W return > 0),BUY CALL
2024-06-10,2024-07-05,WMT,10.8,YES (prev 4W return > 0),BUY CALL
2024-07-08,2024-08-02,AAPL,18.0,YES (prev 4W return > 0),BUY CALL
2024-07-08,2024-08-02,ADBE,25.1,YES (prev 4W return > 0),BUY CALL
2024-07-08,2024-08-02,AMZN,6.5,YES (prev 4W return > 0),BUY CALL
2024-07-08,2024-08-02,BAC,2.4,YES (prev 4W return > 0),BUY CALL
2024-07-08,2024-08-02,BX,0.9,YES (prev 4W return > 0),BUY CALL
2024-07-08,2024-08-02,COST,3.8,YES (prev 4W return > 0),BUY CALL
2024-07-08,2024-08-02,CRM,6.4,YES (prev 4W return > 0),BUY CALL
2024-07-08,2024-08-02,GOOG,7.8,YES (prev 4W return > 0),BUY CALL
2024-07-08,2024-08-02,GOOGL,8.0,YES (prev 4W return > 0),BUY CALL
2024-07-08,2024-08-02,HD,2.1,YES (prev 4W return > 0),BUY CALL
2024-07-08,2024-08-02,IBM,4.3,YES (prev 4W return > 0),BUY CALL
2024-07-08,2024-08-02,JPM,2.8,YES (prev 4W return > 0),BUY CALL
2024-07-08,2024-08-02,LLY,6.1,YES (prev 4W return > 0),BUY CALL
2024-07-08,2024-08-02,META,5.3,YES (prev 4W return > 0),BUY CALL
2024-07-08,2024-08-02,MSFT,9.0,YES (prev 4W return > 0),BUY CALL
2024-07-08,2024-08-02,NFLX,6.4,YES (prev 4W return > 0),BUY CALL
2024-07-08,2024-08-02,NOW,8.0,YES (prev 4W return > 0),BUY CALL
2024-07-08,2024-08-02,NVDA,5.3,YES (prev 4W return > 0),BUY CALL
2024-07-08,2024-08-02,ORCL,16.5,YES (prev 4W return > 0),BUY CALL
2024-07-08,2024-08-02,TSLA,45.5,YES (prev 4W return > 0),BUY CALL
2024-07-08,2024-08-02,WFC,1.9,YES (prev 4W return > 0),BUY CALL
2024-07-08,2024-08-02,WMT,4.1,YES (prev 4W return > 0),BUY CALL
2024-08-02,2024-08-30,ABT,9.0,YES (prev 4W return > 0),BUY CALL
2024-08-05,2024-08-30,ABBV,10.7,YES (prev 4W return > 0),BUY CALL
2024-08-05,2024-08-30,BX,7.2,YES (prev 4W return > 0),BUY CALL
2024-08-05,2024-08-30,CMCSA,5.0,YES (prev 4W return > 0),BUY CALL
2024-08-05,2024-08-30,HD,3.1,YES (prev 4W return > 0),BUY CALL
2024-08-05,2024-08-30,IBM,3.2,YES (prev 4W return > 0),BUY CALL
2024-08-05,2024-08-30,INTU,6.3,YES (prev 4W return > 0),BUY CALL
2024-08-05,2024-08-30,JNJ,10.8,YES (prev 4W return > 0),BUY CALL
2024-08-05,2024-08-30,KO,8.2,YES (prev 4W return > 0),BUY CALL
2024-08-05,2024-08-30,NOW,2.0,YES (prev 4W return > 0),BUY CALL
2024-08-05,2024-08-30,PEP,7.4,YES (prev 4W return > 0),BUY CALL
2024-08-05,2024-08-30,PG,0.9,YES (prev 4W return > 0),BUY CALL
2024-08-05,2024-08-30,TMO,10.7,YES (prev 4W return > 0),BUY CALL
2024-08-05,2024-08-30,UNH,16.5,YES (prev 4W return > 0),BUY CALL
2024-08-05,2024-08-30,XOM,2.3,YES (prev 4W return > 0),BUY CALL
2024-08-30,2024-09-27,AAPL,9.4,YES (prev 4W return > 0),BUY CALL
2024-08-30,2024-09-27,ABBV,6.5,YES (prev 4W return > 0),BUY CALL
2024-08-30,2024-09-27,ABT,1.8,YES (prev 4W return > 0),BUY CALL
2024-08-30,2024-09-27,ADBE,12.8,YES (prev 4W return > 0),BUY CALL
2024-08-30,2024-09-27,AMZN,10.9,YES (prev 4W return > 0),BUY CALL
2024-08-30,2024-09-27,AVGO,14.6,YES (prev 4W return > 0),BUY CALL
2024-08-30,2024-09-27,BAC,11.2,YES (prev 4W return > 0),BUY CALL
2024-08-30,2024-09-27,BX,9.9,YES (prev 4W return > 0),BUY CALL
2024-08-30,2024-09-27,CMCSA,1.0,YES (prev 4W return > 0),BUY CALL
2024-08-30,2024-09-27,COST,11.3,YES (prev 4W return > 0),BUY CALL
2024-08-30,2024-09-27,CRM,5.8,YES (prev 4W return > 0),BUY CALL
2024-08-30,2024-09-27,CVX,2.3,YES (prev 4W return > 0),BUY CALL
2024-08-30,2024-09-27,DIS,3.0,YES (prev 4W return > 0),BUY CALL
2024-08-30,2024-09-27,GOOG,2.8,YES (prev 4W return > 0),BUY CALL
2024-08-30,2024-09-27,GOOGL,2.6,YES (prev 4W return > 0),BUY CALL
2024-08-30,2024-09-27,HD,5.3,YES (prev 4W return > 0),BUY CALL
2024-08-30,2024-09-27,IBM,10.3,YES (prev 4W return > 0),BUY CALL
2024-08-30,2024-09-27,INTU,4.5,YES (prev 4W return > 0),BUY CALL
2024-08-30,2024-09-27,JNJ,2.9,YES (prev 4W return > 0),BUY CALL
2024-08-30,2024-09-27,JPM,15.3,YES (prev 4W return > 0),BUY CALL
2024-08-30,2024-09-27,KO,6.4,YES (prev 4W return > 0),BUY CALL
2024-08-30,2024-09-27,LLY,23.8,YES (prev 4W return > 0),BUY CALL
2024-08-30,2024-09-27,MA,9.4,YES (prev 4W return > 0),BUY CALL
2024-08-30,2024-09-27,META,9.6,YES (prev 4W return > 0),BUY CALL
2024-08-30,2024-09-27,MRK,5.5,YES (prev 4W return > 0),BUY CALL
2024-08-30,2024-09-27,MSFT,5.6,YES (prev 4W return > 0),BUY CALL
2024-08-30,2024-09-27,NFLX,17.2,YES (prev 4W return > 0),BUY CALL
2024-08-30,2024-09-27,NKE,16.7,YES (prev 4W return > 0),BUY CALL
2024-08-30,2024-09-27,NVDA,18.8,YES (prev 4W return > 0),BUY CALL
2024-08-30,2024-09-27,ORCL,10.5,YES (prev 4W return > 0),BUY CALL
2024-08-30,2024-09-27,PG,2.1,YES (prev 4W return > 0),BUY CALL
2024-08-30,2024-09-27,QCOM,11.0,YES (prev 4W return > 0),BUY CALL
2024-08-30,2024-09-27,TSLA,7.7,YES (prev 4W return > 0),BUY CALL
2024-08-30,2024-09-27,UNH,3.6,YES (prev 4W return > 0),BUY CALL
2024-08-30,2024-09-27,V,7.8,YES (prev 4W return > 0),BUY CALL
2024-08-30,2024-09-27,WFC,12.2,YES (prev 4W return > 0),BUY CALL
2024-08-30,2024-09-27,WMT,14.3,YES (prev 4W return > 0),BUY CALL
2024-08-30,2024-09-27,XOM,2.8,YES (prev 4W return > 0),BUY CALL
2024-09-30,2024-10-25,AAPL,1.7,YES (prev 4W return > 0),BUY CALL
2024-09-30,2024-10-25,ABBV,0.6,YES (prev 4W return > 0),BUY CALL
2024-09-30,2024-10-25,ABT,0.7,YES (prev 4W return > 0),BUY CALL
2024-09-30,2024-10-25,AMZN,4.4,YES (prev 4W return > 0),BUY CALL
2024-09-30,2024-10-25,AVGO,5.9,YES (prev 4W return > 0),BUY CALL
2024-09-30,2024-10-25,BX,7.6,YES (prev 4W return > 0),BUY CALL
2024-09-30,2024-10-25,CMCSA,5.6,YES (prev 4W return > 0),BUY CALL
2024-09-30,2024-10-25,CRM,8.2,YES (prev 4W return > 0),BUY CALL
2024-09-30,2024-10-25,DIS,6.4,YES (prev 4W return > 0),BUY CALL
2024-09-30,2024-10-25,GOOG,1.3,YES (prev 4W return > 0),BUY CALL
2024-09-30,2024-10-25,GOOGL,1.5,YES (prev 4W return > 0),BUY CALL
2024-09-30,2024-10-25,HD,10.0,YES (prev 4W return > 0),BUY CALL
2024-09-30,2024-10-25,IBM,9.4,YES (prev 4W return > 0),BUY CALL
2024-09-30,2024-10-25,MA,2.2,YES (prev 4W return > 0),BUY CALL
2024-09-30,2024-10-25,META,9.8,YES (prev 4W return > 0),BUY CALL
2024-09-30,2024-10-25,MSFT,3.2,YES (prev 4W return > 0),BUY CALL
2024-09-30,2024-10-25,NFLX,1.1,YES (prev 4W return > 0),BUY CALL
2024-09-30,2024-10-25,NKE,6.1,YES (prev 4W return > 0),BUY CALL
2024-09-30,2024-10-25,NOW,14.5,YES (prev 4W return > 0),BUY CALL
2024-09-30,2024-10-25,NVDA,1.7,YES (prev 4W return > 0),BUY CALL
2024-09-30,2024-10-25,ORCL,20.6,YES (prev 4W return > 0),BUY CALL
2024-09-30,2024-10-25,PG,1.0,YES (prev 4W return > 0),BUY CALL
2024-09-30,2024-10-25,TMO,3.4,YES (prev 4W return > 0),BUY CALL
2024-09-30,2024-10-25,TSLA,22.2,YES (prev 4W return > 0),BUY CALL
2024-09-30,2024-10-25,WMT,4.6,YES (prev 4W return > 0),BUY CALL
2024-10-28,2024-11-22,AAPL,0.2,YES (prev 4W return > 0),BUY CALL
2024-10-28,2024-11-22,ABT,0.1,YES (prev 4W return > 0),BUY CALL
2024-10-28,2024-11-22,AMZN,1.1,YES (prev 4W return > 0),BUY CALL
2024-10-28,2024-11-22,BAC,7.4,YES (prev 4W return > 0),BUY CALL
2024-10-28,2024-11-22,BX,11.0,YES (prev 4W return > 0),BUY CALL
2024-10-28,2024-11-22,CMCSA,0.2,YES (prev 4W return > 0),BUY CALL
2024-10-28,2024-11-22,COST,0.5,YES (prev 4W return > 0),BUY CALL
2024-10-28,2024-11-22,CRM,7.3,YES (prev 4W return > 0),BUY CALL
2024-10-28,2024-11-22,CVX,2.2,YES (prev 4W return > 0),BUY CALL
2024-10-28,2024-11-22,DIS,0.0,YES (prev 4W return > 0),BUY CALL
2024-10-28,2024-11-22,GOOG,0.7,YES (prev 4W return > 0),BUY CALL
2024-10-28,2024-11-22,GOOGL,0.5,YES (prev 4W return > 0),BUY CALL
2024-10-28,2024-11-22,JPM,6.9,YES (prev 4W return > 0),BUY CALL
2024-10-28,2024-11-22,LLY,1.1,YES (prev 4W return > 0),BUY CALL
2024-10-28,2024-11-22,MA,2.9,YES (prev 4W return > 0),BUY CALL
2024-10-28,2024-11-22,META,1.0,YES (prev 4W return > 0),BUY CALL
2024-10-28,2024-11-22,NFLX,5.6,YES (prev 4W return > 0),BUY CALL
2024-10-28,2024-11-22,NOW,5.7,YES (prev 4W return > 0),BUY CALL
2024-10-28,2024-11-22,NVDA,15.7,YES (prev 4W return > 0),BUY CALL
2024-10-28,2024-11-22,ORCL,1.2,YES (prev 4W return > 0),BUY CALL
2024-10-28,2024-11-22,QCOM,1.3,YES (prev 4W return > 0),BUY CALL
2024-10-28,2024-11-22,TSLA,0.3,YES (prev 4W return > 0),BUY CALL
2024-10-28,2024-11-22,V,3.4,YES (prev 4W return > 0),BUY CALL
2024-10-28,2024-11-22,WFC,16.1,YES (prev 4W return > 0),BUY CALL
2024-10-28,2024-11-22,WMT,2.5,YES (prev 4W return > 0),BUY CALL
2024-10-28,2024-11-22,XOM,1.4,YES (prev 4W return > 0),BUY CALL
2024-11-25,2024-12-20,ABT,3.6,YES (prev 4W return > 0),BUY CALL
2024-11-25,2024-12-20,ADBE,7.8,YES (prev 4W return > 0),BUY CALL
2024-11-25,2024-12-20,AMZN,6.9,YES (prev 4W return > 0),BUY CALL
2024-11-25,2024-12-20,BAC,11.5,YES (prev 4W return > 0),BUY CALL
2024-11-25,2024-12-20,BX,13.6,YES (prev 4W return > 0),BUY CALL
2024-11-25,2024-12-20,CMCSA,3.3,YES (prev 4W return > 0),BUY CALL
2024-11-25,2024-12-20,COST,7.8,YES (prev 4W return > 0),BUY CALL
2024-11-25,2024-12-20,CRM,15.4,YES (prev 4W return > 0),BUY CALL
2024-11-25,2024-12-20,CVX,6.5,YES (prev 4W return > 0),BUY CALL
2024-11-25,2024-12-20,DIS,20.6,YES (prev 4W return > 0),BUY CALL
2024-11-25,2024-12-20,GOOG,0.6,YES (prev 4W return > 0),BUY CALL
2024-11-25,2024-12-20,GOOGL,0.6,YES (prev 4W return > 0),BUY CALL
2024-11-25,2024-12-20,HD,6.4,YES (prev 4W return > 0),BUY CALL
2024-11-25,2024-12-20,IBM,6.2,YES (prev 4W return > 0),BUY CALL
2024-11-25,2024-12-20,INTU,3.7,YES (prev 4W return > 0),BUY CALL
2024-11-25,2024-12-20,JPM,11.0,YES (prev 4W return > 0),BUY CALL
2024-11-25,2024-12-20,MA,3.6,YES (prev 4W return > 0),BUY CALL
2024-11-25,2024-12-20,NFLX,15.5,YES (prev 4W return > 0),BUY CALL
2024-11-25,2024-12-20,NKE,0.4,YES (prev 4W return > 0),BUY CALL
2024-11-25,2024-12-20,NOW,11.4,YES (prev 4W return > 0),BUY CALL
2024-11-25,2024-12-20,ORCL,9.0,YES (prev 4W return > 0),BUY CALL
2024-11-25,2024-12-20,PG,4.8,YES (prev 4W return > 0),BUY CALL
2024-11-25,2024-12-20,TSLA,29.0,YES (prev 4W return > 0),BUY CALL
2024-11-25,2024-12-20,UNH,7.3,YES (prev 4W return > 0),BUY CALL
2024-11-25,2024-12-20,V,10.2,YES (prev 4W return > 0),BUY CALL
2024-11-25,2024-12-20,WFC,17.2,YES (prev 4W return > 0),BUY CALL
2024-11-25,2024-12-20,WMT,8.2,YES (prev 4W return > 0),BUY CALL
2024-11-25,2024-12-20,XOM,0.9,YES (prev 4W return > 0),BUY CALL
2024-12-23,2025-01-17,AAPL,9.6,YES (prev 4W return > 0),BUY CALL
2024-12-23,2025-01-17,ABBV,0.8,YES (prev 4W return > 0),BUY CALL
2024-12-23,2025-01-17,AMZN,11.7,YES (prev 4W return > 0),BUY CALL
2024-12-23,2025-01-17,AVGO,41.0,YES (prev 4W return > 0),BUY CALL
2024-12-23,2025-01-17,CRM,1.1,YES (prev 4W return > 0),BUY CALL
2024-12-23,2025-01-17,GOOG,15.7,YES (prev 4W return > 0),BUY CALL
2024-12-23,2025-01-17,GOOGL,16.1,YES (prev 4W return > 0),BUY CALL
2024-12-23,2025-01-17,INTU,0.6,YES (prev 4W return > 0),BUY CALL
2024-12-23,2025-01-17,LLY,5.5,YES (prev 4W return > 0),BUY CALL
2024-12-23,2025-01-17,MA,0.4,YES (prev 4W return > 0),BUY CALL
2024-12-23,2025-01-17,META,6.1,YES (prev 4W return > 0),BUY CALL
2024-12-23,2025-01-17,MSFT,3.9,YES (prev 4W return > 0),BUY CALL
2024-12-23,2025-01-17,NFLX,5.3,YES (prev 4W return > 0),BUY CALL
2024-12-23,2025-01-17,NOW,3.4,YES (prev 4W return > 0),BUY CALL
2024-12-23,2025-01-17,NVDA,2.7,YES (prev 4W return > 0),BUY CALL
2024-12-23,2025-01-17,TMO,2.2,YES (prev 4W return > 0),BUY CALL
2024-12-23,2025-01-17,TSLA,27.2,YES (prev 4W return > 0),BUY CALL
2024-12-23,2025-01-17,V,1.3,YES (prev 4W return > 0),BUY CALL
2024-12-23,2025-01-17,WMT,0.9,YES (prev 4W return > 0),BUY CALL
2025-01-17,2025-02-14,AMZN,0.4,YES (prev 4W return > 0),BUY CALL
2025-01-17,2025-02-14,AVGO,2.2,YES (prev 4W return > 0),BUY CALL
2025-01-17,2025-02-14,BAC,6.0,YES (prev 4W return > 0),BUY CALL
2025-01-17,2025-02-14,CVX,12.9,YES (prev 4W return > 0),BUY CALL
2025-01-17,2025-02-14,GOOG,0.8,YES (prev 4W return > 0),BUY CALL
2025-01-17,2025-02-14,GOOGL,0.7,YES (prev 4W return > 0),BUY CALL
2025-01-17,2025-02-14,HD,4.3,YES (prev 4W return > 0),BUY CALL
2025-01-17,2025-02-14,IBM,1.3,YES (prev 4W return > 0),BUY CALL
2025-01-17,2025-02-14,JNJ,1.2,YES (prev 4W return > 0),BUY CALL
2025-01-17,2025-02-14,JPM,8.7,YES (prev 4W return > 0),BUY CALL
2025-01-17,2025-02-14,KO,0.5,YES (prev 4W return > 0),BUY CALL
2025-01-17,2025-02-14,META,2.2,YES (prev 4W return > 0),BUY CALL
2025-01-17,2025-02-14,QCOM,4.0,YES (prev 4W return > 0),BUY CALL
2025-01-17,2025-02-14,TMO,6.5,YES (prev 4W return > 0),BUY CALL
2025-01-17,2025-02-14,UNH,0.7,YES (prev 4W return > 0),BUY CALL
2025-01-17,2025-02-14,V,0.8,YES (prev 4W return > 0),BUY CALL
2025-01-17,2025-02-14,WFC,9.3,YES (prev 4W return > 0),BUY CALL
2025-01-17,2025-02-14,WMT,1.8,YES (prev 4W return > 0),BUY CALL
2025-01-17,2025-02-14,XOM,5.7,YES (prev 4W return > 0),BUY CALL
2025-02-14,2025-03-14,AAPL,6.4,YES (prev 4W return > 0),BUY CALL
2025-02-14,2025-03-14,ABBV,12.4,YES (prev 4W return > 0),BUY CALL
2025-02-14,2025-03-14,ABT,15.1,YES (prev 4W return > 0),BUY CALL
2025-02-14,2025-03-14,ADBE,7.0,YES (prev 4W return > 0),BUY CALL
2025-02-14,2025-03-14,AMZN,1.2,YES (prev 4W return > 0),BUY CALL
2025-02-14,2025-03-14,BAC,0.9,YES (prev 4W return > 0),BUY CALL
2025-02-14,2025-03-14,COST,13.6,YES (prev 4W return > 0),BUY CALL
2025-02-14,2025-03-14,CRM,0.6,YES (prev 4W return > 0),BUY CALL
2025-02-14,2025-03-14,DIS,3.1,YES (prev 4W return > 0),BUY CALL
2025-02-14,2025-03-14,HD,0.0,YES (prev 4W return > 0),BUY CALL
2025-02-14,2025-03-14,IBM,16.2,YES (prev 4W return > 0),BUY CALL
2025-02-14,2025-03-14,JNJ,6.2,YES (prev 4W return > 0),BUY CALL
2025-02-14,2025-03-14,JPM,6.7,YES (prev 4W return > 0),BUY CALL
2025-02-14,2025-03-14,KO,9.8,YES (prev 4W return > 0),BUY CALL
2025-02-14,2025-03-14,LLY,16.3,YES (prev 4W return > 0),BUY CALL
2025-02-14,2025-03-14,MA,6.8,YES (prev 4W return > 0),BUY CALL
2025-02-14,2025-03-14,META,20.2,YES (prev 4W return > 0),BUY CALL
2025-02-14,2025-03-14,NFLX,23.4,YES (prev 4W return > 0),BUY CALL
2025-02-14,2025-03-14,NKE,3.1,YES (prev 4W return > 0),BUY CALL
2025-02-14,2025-03-14,NVDA,0.8,YES (prev 4W return > 0),BUY CALL
2025-02-14,2025-03-14,ORCL,8.2,YES (prev 4W return > 0),BUY CALL
2025-02-14,2025-03-14,PG,1.1,YES (prev 4W return > 0),BUY CALL
2025-02-14,2025-03-14,QCOM,4.7,YES (prev 4W return > 0),BUY CALL
2025-02-14,2025-03-14,UNH,2.7,YES (prev 4W return > 0),BUY CALL
2025-02-14,2025-03-14,V,10.7,YES (prev 4W return > 0),BUY CALL
2025-02-14,2025-03-14,WFC,3.8,YES (prev 4W return > 0),BUY CALL
2025-02-14,2025-03-14,WMT,13.2,YES (prev 4W return > 0),BUY CALL
2025-03-17,2025-04-11,ABBV,11.2,YES (prev 4W return > 0),BUY CALL
2025-03-17,2025-04-11,CMCSA,1.0,YES (prev 4W return > 0),BUY CALL
2025-03-17,2025-04-11,CVX,2.2,YES (prev 4W return > 0),BUY CALL
2025-03-17,2025-04-11,INTU,2.5,YES (prev 4W return > 0),BUY CALL
2025-03-17,2025-04-11,JNJ,4.3,YES (prev 4W return > 0),BUY CALL
2025-03-17,2025-04-11,KO,1.8,YES (prev 4W return > 0),BUY CALL
2025-03-17,2025-04-11,MRK,14.2,YES (prev 4W return > 0),BUY CALL
2025-03-17,2025-04-11,NKE,0.9,YES (prev 4W return > 0),BUY CALL
2025-03-17,2025-04-11,PEP,5.5,YES (prev 4W return > 0),BUY CALL
2025-03-17,2025-04-11,PG,4.2,YES (prev 4W return > 0),BUY CALL
2025-03-17,2025-04-11,XOM,5.1,YES (prev 4W return > 0),BUY CALL
2025-04-14,2025-05-09,ABT,0.3,YES (prev 4W return > 0),BUY CALL
2025-04-14,2025-05-09,COST,6.8,YES (prev 4W return > 0),BUY CALL
2025-04-14,2025-05-09,HD,0.9,YES (prev 4W return > 0),BUY CALL
2025-04-14,2025-05-09,JPM,0.3,YES (prev 4W return > 0),BUY CALL
2025-04-14,2025-05-09,KO,3.3,YES (prev 4W return > 0),BUY CALL
2025-04-14,2025-05-09,TSLA,6.0,YES (prev 4W return > 0),BUY CALL
2025-04-14,2025-05-09,UNH,17.6,YES (prev 4W return > 0),BUY CALL
2025-04-14,2025-05-09,V,0.2,YES (prev 4W return > 0),BUY CALL
2025-04-14,2025-05-09,WMT,8.3,YES (prev 4W return > 0),BUY CALL
2025-05-09,2025-06-06,INTU,10.2,YES (prev 4W return > 0),BUY CALL
2025-05-12,2025-06-06,AAPL,4.1,YES (prev 4W return > 0),BUY CALL
2025-05-12,2025-06-06,ABBV,6.1,YES (prev 4W return > 0),BUY CALL
2025-05-12,2025-06-06,ABT,3.1,YES (prev 4W return > 0),BUY CALL
2025-05-12,2025-06-06,ADBE,12.8,YES (prev 4W return > 0),BUY CALL
2025-05-12,2025-06-06,AMZN,14.6,YES (prev 4W return > 0),BUY CALL
2025-05-12,2025-06-06,AVGO,24.2,YES (prev 4W return > 0),BUY CALL
2025-05-12,2025-06-06,BAC,18.2,YES (prev 4W return > 0),BUY CALL
2025-05-12,2025-06-06,BX,14.2,YES (prev 4W return > 0),BUY CALL
2025-05-12,2025-06-06,CMCSA,1.7,YES (prev 4W return > 0),BUY CALL
2025-05-12,2025-06-06,COST,3.8,YES (prev 4W return > 0),BUY CALL
2025-05-12,2025-06-06,CRM,13.5,YES (prev 4W return > 0),BUY CALL
2025-05-12,2025-06-06,CVX,4.7,YES (prev 4W return > 0),BUY CALL
2025-05-12,2025-06-06,DIS,30.5,YES (prev 4W return > 0),BUY CALL
2025-05-12,2025-06-06,HD,5.4,YES (prev 4W return > 0),BUY CALL
2025-05-12,2025-06-06,IBM,6.1,YES (prev 4W return > 0),BUY CALL
2025-05-12,2025-06-06,JPM,10.8,YES (prev 4W return > 0),BUY CALL
2025-05-12,2025-06-06,LLY,0.2,YES (prev 4W return > 0),BUY CALL
2025-05-12,2025-06-06,MA,12.8,YES (prev 4W return > 0),BUY CALL
2025-05-12,2025-06-06,META,20.3,YES (prev 4W return > 0),BUY CALL
2025-05-12,2025-06-06,MRK,1.6,YES (prev 4W return > 0),BUY CALL
2025-05-12,2025-06-06,MSFT,15.8,YES (prev 4W return > 0),BUY CALL
2025-05-12,2025-06-06,NFLX,19.2,YES (prev 4W return > 0),BUY CALL
2025-05-12,2025-06-06,NKE,12.9,YES (prev 4W return > 0),BUY CALL
2025-05-12,2025-06-06,NVDA,11.1,YES (prev 4W return > 0),BUY CALL
2025-05-12,2025-06-06,ORCL,16.8,YES (prev 4W return > 0),BUY CALL
2025-05-12,2025-06-06,QCOM,9.3,YES (prev 4W return > 0),BUY CALL
2025-05-12,2025-06-06,TSLA,26.2,YES (prev 4W return > 0),BUY CALL
2025-05-12,2025-06-06,V,6.2,YES (prev 4W return > 0),BUY CALL
2025-05-12,2025-06-06,WFC,18.7,YES (prev 4W return > 0),BUY CALL
2025-05-12,2025-06-06,WMT,2.1,YES (prev 4W return > 0),BUY CALL
2025-05-12,2025-06-06,XOM,5.6,YES (prev 4W return > 0),BUY CALL
2025-07-07,2025-08-01,ABT,1.3,YES (prev 4W return > 0),BUY CALL
2025-07-07,2025-08-01,AMZN,7.1,YES (prev 4W return > 0),BUY CALL
2025-07-07,2025-08-01,AVGO,23.7,YES (prev 4W return > 0),BUY CALL
2025-07-07,2025-08-01,BAC,12.2,YES (prev 4W return > 0),BUY CALL
2025-07-07,2025-08-01,BX,2.7,YES (prev 4W return > 0),BUY CALL
2025-07-07,2025-08-01,CMCSA,2.1,YES (prev 4W return > 0),BUY CALL
2025-07-07,2025-08-01,CVX,4.1,YES (prev 4W return > 0),BUY CALL
2025-07-07,2025-08-01,DIS,11.5,YES (prev 4W return > 0),BUY CALL
2025-07-07,2025-08-01,GOOG,11.3,YES (prev 4W return > 0),BUY CALL
2025-07-07,2025-08-01,GOOGL,11.6,YES (prev 4W return > 0),BUY CALL
2025-07-07,2025-08-01,IBM,15.3,YES (prev 4W return > 0),BUY CALL
2025-07-07,2025-08-01,INTU,19.8,YES (prev 4W return > 0),BUY CALL
2025-07-07,2025-08-01,JNJ,0.7,YES (prev 4W return > 0),BUY CALL
2025-07-07,2025-08-01,JPM,12.3,YES (prev 4W return > 0),BUY CALL
2025-07-07,2025-08-01,KO,2.1,YES (prev 4W return > 0),BUY CALL
2025-07-07,2025-08-01,LLY,2.3,YES (prev 4W return > 0),BUY CALL
2025-07-07,2025-08-01,META,12.3,YES (prev 4W return > 0),BUY CALL
2025-07-07,2025-08-01,MRK,0.6,YES (prev 4W return > 0),BUY CALL
2025-07-07,2025-08-01,MSFT,10.8,YES (prev 4W return > 0),BUY CALL
2025-07-07,2025-08-01,NFLX,16.2,YES (prev 4W return > 0),BUY CALL
2025-07-07,2025-08-01,NKE,22.3,YES (prev 4W return > 0),BUY CALL
2025-07-07,2025-08-01,NOW,29.4,YES (prev 4W return > 0),BUY CALL
2025-07-07,2025-08-01,NVDA,28.7,YES (prev 4W return > 0),BUY CALL
2025-07-07,2025-08-01,ORCL,47.7,YES (prev 4W return > 0),BUY CALL
2025-07-07,2025-08-01,PEP,2.1,YES (prev 4W return > 0),BUY CALL
2025-07-07,2025-08-01,QCOM,3.9,YES (prev 4W return > 0),BUY CALL
2025-07-07,2025-08-01,V,0.2,YES (prev 4W return > 0),BUY CALL
2025-07-07,2025-08-01,WFC,10.0,YES (prev 4W return > 0),BUY CALL
2025-07-07,2025-08-01,WMT,2.7,YES (prev 4W return > 0),BUY CALL
2025-07-07,2025-08-01,XOM,1.8,YES (prev 4W return > 0),BUY CALL
2025-08-04,2025-08-29,ABBV,3.7,YES (prev 4W return > 0),BUY CALL
2025-08-04,2025-08-29,AVGO,8.6,YES (prev 4W return > 0),BUY CALL
2025-08-04,2025-08-29,BX,11.4,YES (prev 4W return > 0),BUY CALL
2025-08-04,2025-08-29,CVX,2.5,YES (prev 4W return > 0),BUY CALL
2025-08-04,2025-08-29,GOOG,10.2,YES (prev 4W return > 0),BUY CALL
2025-08-04,2025-08-29,GOOGL,10.3,YES (prev 4W return > 0),BUY CALL
2025-08-04,2025-08-29,HD,3.6,YES (prev 4W return > 0),BUY CALL
2025-08-04,2025-08-29,JNJ,10.2,YES (prev 4W return > 0),BUY CALL
2025-08-04,2025-08-29,JPM,0.8,YES (prev 4W return > 0),BUY CALL
2025-08-04,2025-08-29,MA,0.8,YES (prev 4W return > 0),BUY CALL
2025-08-04,2025-08-29,META,8.1,YES (prev 4W return > 0),BUY CALL
2025-08-04,2025-08-29,MSFT,7.6,YES (prev 4W return > 0),BUY CALL
2025-08-04,2025-08-29,NVDA,13.8,YES (prev 4W return > 0),BUY CALL
2025-08-04,2025-08-29,ORCL,8.7,YES (prev 4W return > 0),BUY CALL
2025-08-04,2025-08-29,PEP,3.8,YES (prev 4W return > 0),BUY CALL
2025-08-04,2025-08-29,TMO,11.4,YES (prev 4W return > 0),BUY CALL
2025-08-04,2025-08-29,TSLA,5.2,YES (prev 4W return > 0),BUY CALL
2025-08-04,2025-08-29,WMT,0.2,YES (prev 4W return > 0),BUY CALL
2025-08-29,2025-09-26,AAPL,14.2,YES (prev 4W return > 0),BUY CALL
2025-08-29,2025-09-26,ABBV,6.7,YES (prev 4W return > 0),BUY CALL
2025-08-29,2025-09-26,ABT,2.1,YES (prev 4W return > 0),BUY CALL
2025-08-29,2025-09-26,ADBE,5.3,YES (prev 4W return > 0),BUY CALL
2025-08-29,2025-09-26,AMZN,8.2,YES (prev 4W return > 0),BUY CALL
2025-08-29,2025-09-26,BAC,10.7,YES (prev 4W return > 0),BUY CALL
2025-08-29,2025-09-26,BX,0.5,YES (prev 4W return > 0),BUY CALL
2025-08-29,2025-09-26,CMCSA,4.3,YES (prev 4W return > 0),BUY CALL
2025-08-29,2025-09-26,CRM,1.6,YES (prev 4W return > 0),BUY CALL
2025-08-29,2025-09-26,CVX,6.3,YES (prev 4W return > 0),BUY CALL
2025-08-29,2025-09-26,GOOG,9.1,YES (prev 4W return > 0),BUY CALL
2025-08-29,2025-09-26,GOOGL,9.2,YES (prev 4W return > 0),BUY CALL
2025-08-29,2025-09-26,HD,6.8,YES (prev 4W return > 0),BUY CALL
2025-08-29,2025-09-26,JNJ,3.6,YES (prev 4W return > 0),BUY CALL
2025-08-29,2025-09-26,JPM,2.4,YES (prev 4W return > 0),BUY CALL
2025-08-29,2025-09-26,KO,0.0,YES (prev 4W return > 0),BUY CALL
2025-08-29,2025-09-26,MA,4.5,YES (prev 4W return > 0),BUY CALL
2025-08-29,2025-09-26,MRK,5.3,YES (prev 4W return > 0),BUY CALL
2025-08-29,2025-09-26,NFLX,3.2,YES (prev 4W return > 0),BUY CALL
2025-08-29,2025-09-26,NKE,3.4,YES (prev 4W return > 0),BUY CALL
2025-08-29,2025-09-26,PEP,6.5,YES (prev 4W return > 0),BUY CALL
2025-08-29,2025-09-26,PG,4.2,YES (prev 4W return > 0),BUY CALL
2025-08-29,2025-09-26,QCOM,9.0,YES (prev 4W return > 0),BUY CALL
2025-08-29,2025-09-26,TSLA,8.0,YES (prev 4W return > 0),BUY CALL
2025-08-29,2025-09-26,UNH,28.6,YES (prev 4W return > 0),BUY CALL
2025-08-29,2025-09-26,V,2.8,YES (prev 4W return > 0),BUY CALL
2025-08-29,2025-09-26,WFC,5.9,YES (prev 4W return > 0),BUY CALL
2025-08-29,2025-09-26,XOM,6.4,YES (prev 4W return > 0),BUY CALL
2025-09-29,2025-10-24,AAPL,9.6,YES (prev 4W return > 0),BUY CALL
2025-09-29,2025-10-24,ABBV,6.1,YES (prev 4W return > 0),BUY CALL
2025-09-29,2025-10-24,ABT,0.3,YES (prev 4W return > 0),BUY CALL
2025-09-29,2025-10-24,ADBE,0.8,YES (prev 4W return > 0),BUY CALL
2025-09-29,2025-10-24,AVGO,10.3,YES (prev 4W return > 0),BUY CALL
2025-09-29,2025-10-24,BAC,3.3,YES (prev 4W return > 0),BUY CALL
2025-09-29,2025-10-24,BX,2.8,YES (prev 4W return > 0),BUY CALL
2025-09-29,2025-10-24,GOOG,14.4,YES (prev 4W return > 0),BUY CALL
2025-09-29,2025-10-24,GOOGL,14.6,YES (prev 4W return > 0),BUY CALL
2025-09-29,2025-10-24,HD,0.0,YES (prev 4W return > 0),BUY CALL
2025-09-29,2025-10-24,IBM,14.9,YES (prev 4W return > 0),BUY CALL
2025-09-29,2025-10-24,JNJ,2.5,YES (prev 4W return > 0),BUY CALL
2025-09-29,2025-10-24,JPM,4.7,YES (prev 4W return > 0),BUY CALL
2025-09-29,2025-10-24,META,0.6,YES (prev 4W return > 0),BUY CALL
2025-09-29,2025-10-24,MSFT,1.6,YES (prev 4W return > 0),BUY CALL
2025-09-29,2025-10-24,NOW,2.5,YES (prev 4W return > 0),BUY CALL
2025-09-29,2025-10-24,NVDA,4.4,YES (prev 4W return > 0),BUY CALL
2025-09-29,2025-10-24,ORCL,25.0,YES (prev 4W return > 0),BUY CALL
2025-09-29,2025-10-24,QCOM,2.8,YES (prev 4W return > 0),BUY CALL
2025-09-29,2025-10-24,TSLA,32.7,YES (prev 4W return > 0),BUY CALL
2025-09-29,2025-10-24,UNH,11.4,YES (prev 4W return > 0),BUY CALL
2025-09-29,2025-10-24,WFC,3.0,YES (prev 4W return > 0),BUY CALL
2025-09-29,2025-10-24,WMT,6.3,YES (prev 4W return > 0),BUY CALL
2025-10-27,2025-11-21,AAPL,5.7,YES (prev 4W return > 0),BUY CALL
2025-10-27,2025-11-21,ABBV,2.2,YES (prev 4W return > 0),BUY CALL
2025-10-27,2025-11-21,AMZN,2.2,YES (prev 4W return > 0),BUY CALL
2025-10-27,2025-11-21,AVGO,10.4,YES (prev 4W return > 0),BUY CALL
2025-10-27,2025-11-21,BAC,1.1,YES (prev 4W return > 0),BUY CALL
2025-10-27,2025-11-21,COST,1.4,YES (prev 4W return > 0),BUY CALL
2025-10-27,2025-11-21,CRM,4.2,YES (prev 4W return > 0),BUY CALL
2025-10-27,2025-11-21,GOOG,10.5,YES (prev 4W return > 0),BUY CALL
2025-10-27,2025-11-21,GOOGL,10.3,YES (prev 4W return > 0),BUY CALL
2025-10-27,2025-11-21,IBM,11.9,YES (prev 4W return > 0),BUY CALL
2025-10-27,2025-11-21,INTU,2.5,YES (prev 4W return > 0),BUY CALL
2025-10-27,2025-11-21,JNJ,4.8,YES (prev 4W return > 0),BUY CALL
2025-10-27,2025-11-21,KO,6.1,YES (prev 4W return > 0),BUY CALL
2025-10-27,2025-11-21,LLY,13.8,YES (prev 4W return > 0),BUY CALL
2025-10-27,2025-11-21,MA,0.7,YES (prev 4W return > 0),BUY CALL
2025-10-27,2025-11-21,META,1.0,YES (prev 4W return > 0),BUY CALL
2025-10-27,2025-11-21,MRK,12.0,YES (prev 4W return > 0),BUY CALL
2025-10-27,2025-11-21,MSFT,3.3,YES (prev 4W return > 0),BUY CALL
2025-10-27,2025-11-21,NOW,0.6,YES (prev 4W return > 0),BUY CALL
2025-10-27,2025-11-21,NVDA,5.3,YES (prev 4W return > 0),BUY CALL
2025-10-27,2025-11-21,PEP,8.9,YES (prev 4W return > 0),BUY CALL
2025-10-27,2025-11-21,QCOM,13.5,YES (prev 4W return > 0),BUY CALL
2025-10-27,2025-11-21,TMO,22.0,YES (prev 4W return > 0),BUY CALL
2025-10-27,2025-11-21,TSLA,2.1,YES (prev 4W return > 0),BUY CALL
2025-10-27,2025-11-21,UNH,6.0,YES (prev 4W return > 0),BUY CALL
2025-10-27,2025-11-21,V,2.3,YES (prev 4W return > 0),BUY CALL
2025-10-27,2025-11-21,WFC,2.8,YES (prev 4W return > 0),BUY CALL
2025-10-27,2025-11-21,WMT,1.3,YES (prev 4W return > 0),BUY CALL
2025-10-27,2025-11-21,XOM,1.5,YES (prev 4W return > 0),BUY CALL
2025-11-24,2025-12-19,AAPL,2.6,YES (prev 4W return > 0),BUY CALL
2025-11-24,2025-12-19,ABBV,0.6,YES (prev 4W return > 0),BUY CALL
2025-11-24,2025-12-19,ABT,0.0,YES (prev 4W return > 0),BUY CALL
2025-11-24,2025-12-19,AVGO,4.4,YES (prev 4W return > 0),BUY CALL
2025-11-24,2025-12-19,GOOG,18.0,YES (prev 4W return > 0),BUY CALL
2025-11-24,2025-12-19,GOOGL,18.3,YES (prev 4W return > 0),BUY CALL
2025-11-24,2025-12-19,JNJ,8.3,YES (prev 4W return > 0),BUY CALL
2025-11-24,2025-12-19,KO,3.6,YES (prev 4W return > 0),BUY CALL
2025-11-24,2025-12-19,LLY,29.5,YES (prev 4W return > 0),BUY CALL
2025-11-24,2025-12-19,MRK,14.1,YES (prev 4W return > 0),BUY CALL
2025-11-24,2025-12-19,XOM,0.0,YES (prev 4W return > 0),BUY CALL
2025-12-22,2026-01-16,ADBE,12.2,YES (prev 4W return > 0),BUY CALL
2025-12-22,2026-01-16,AMZN,1.0,YES (prev 4W return > 0),BUY CALL
2025-12-22,2026-01-16,BAC,7.6,YES (prev 4W return > 0),BUY CALL
2025-12-22,2026-01-16,BX,10.2,YES (prev 4W return > 0),BUY CALL
2025-12-22,2026-01-16,CMCSA,10.6,YES (prev 4W return > 0),BUY CALL
2025-12-22,2026-01-16,CRM,16.7,YES (prev 4W return > 0),BUY CALL
2025-12-22,2026-01-16,CVX,0.0,YES (prev 4W return > 0),BUY CALL
2025-12-22,2026-01-16,DIS,10.2,YES (prev 4W return > 0),BUY CALL
2025-12-22,2026-01-16,HD,2.9,YES (prev 4W return > 0),BUY CALL
2025-12-22,2026-01-16,INTU,3.4,YES (prev 4W return > 0),BUY CALL
2025-12-22,2026-01-16,JNJ,0.6,YES (prev 4W return > 0),BUY CALL
2025-12-22,2026-01-16,JPM,8.4,YES (prev 4W return > 0),BUY CALL
2025-12-22,2026-01-16,LLY,0.6,YES (prev 4W return > 0),BUY CALL
2025-12-22,2026-01-16,MA,7.0,YES (prev 4W return > 0),BUY CALL
2025-12-22,2026-01-16,META,7.9,YES (prev 4W return > 0),BUY CALL
2025-12-22,2026-01-16,MRK,4.3,YES (prev 4W return > 0),BUY CALL
2025-12-22,2026-01-16,MSFT,2.3,YES (prev 4W return > 0),BUY CALL
2025-12-22,2026-01-16,NVDA,0.6,YES (prev 4W return > 0),BUY CALL
2025-12-22,2026-01-16,PEP,1.1,YES (prev 4W return > 0),BUY CALL
2025-12-22,2026-01-16,QCOM,5.5,YES (prev 4W return > 0),BUY CALL
2025-12-22,2026-01-16,TMO,2.1,YES (prev 4W return > 0),BUY CALL
2025-12-22,2026-01-16,TSLA,17.0,YES (prev 4W return > 0),BUY CALL
2025-12-22,2026-01-16,UNH,1.9,YES (prev 4W return > 0),BUY CALL
2025-12-22,2026-01-16,V,6.9,YES (prev 4W return > 0),BUY CALL
2025-12-22,2026-01-16,WFC,11.4,YES (prev 4W return > 0),BUY CALL
2025-12-22,2026-01-16,WMT,8.2,YES (prev 4W return > 0),BUY CALL
2025-12-22,2026-01-16,XOM,1.9,YES (prev 4W return > 0),BUY CALL
2026-01-09,2026-02-13,BX,1.1,YES (prev 4W return > 0),BUY CALL
2026-01-12,2026-02-13,COST,11.0,YES (prev 4W return > 0),BUY CALL
2026-01-16,2026-02-13,AMZN,4.7,YES (prev 4W return > 0),BUY CALL
2026-01-16,2026-02-13,AVGO,3.0,YES (prev 4W return > 0),BUY CALL
2026-01-16,2026-02-13,CVX,11.0,YES (prev 4W return > 0),BUY CALL
2026-01-16,2026-02-13,GOOG,6.1,YES (prev 4W return > 0),BUY CALL
2026-01-16,2026-02-13,GOOGL,6.5,YES (prev 4W return > 0),BUY CALL
2026-01-16,2026-02-13,HD,9.8,YES (prev 4W return > 0),BUY CALL
2026-01-16,2026-02-13,IBM,1.0,YES (prev 4W return > 0),BUY CALL
2026-01-16,2026-02-13,JNJ,5.5,YES (prev 4W return > 0),BUY CALL
2026-01-16,2026-02-13,KO,0.3,YES (prev 4W return > 0),BUY CALL
2026-01-16,2026-02-13,MRK,3.9,YES (prev 4W return > 0),BUY CALL
2026-01-16,2026-02-13,NKE,12.5,YES (prev 4W return > 0),BUY CALL
2026-01-16,2026-02-13,NVDA,1.4,YES (prev 4W return > 0),BUY CALL
2026-01-16,2026-02-13,PG,1.3,YES (prev 4W return > 0),BUY CALL
2026-01-16,2026-02-13,TMO,7.5,YES (prev 4W return > 0),BUY CALL
2026-01-16,2026-02-13,UNH,1.8,YES (prev 4W return > 0),BUY CALL
2026-01-16,2026-02-13,WMT,6.3,YES (prev 4W return > 0),BUY CALL
2026-01-16,2026-02-13,XOM,9.9,YES (prev 4W return > 0),BUY CALL
2026-02-13,2026-03-13,AAPL,0.1,YES (prev 4W return > 0),BUY CALL
2026-02-13,2026-03-13,ABBV,8.0,YES (prev 4W return > 0),BUY CALL
2026-02-13,2026-03-13,CMCSA,13.5,YES (prev 4W return > 0),BUY CALL
2026-02-13,2026-03-13,COST,8.0,YES (prev 4W return > 0),BUY CALL
2026-02-13,2026-03-13,CVX,10.5,YES (prev 4W return > 0),BUY CALL
2026-02-13,2026-03-13,HD,2.9,YES (prev 4W return > 0),BUY CALL
2026-02-13,2026-03-13,JNJ,11.3,YES (prev 4W return > 0),BUY CALL
2026-02-13,2026-03-13,KO,11.7,YES (prev 4W return > 0),BUY CALL
2026-02-13,2026-03-13,LLY,0.2,YES (prev 4W return > 0),BUY CALL
2026-02-13,2026-03-13,META,3.1,YES (prev 4W return > 0),BUY CALL
2026-02-13,2026-03-13,MRK,11.6,YES (prev 4W return > 0),BUY CALL
2026-02-13,2026-03-13,PEP,13.4,YES (prev 4W return > 0),BUY CALL
2026-02-13,2026-03-13,PG,10.8,YES (prev 4W return > 0),BUY CALL
2026-02-13,2026-03-13,WMT,11.9,YES (prev 4W return > 0),BUY CALL
2026-02-13,2026-03-13,XOM,14.3,YES (prev 4W return > 0),BUY CALL
